id,pesan,kategori,label
1,Notifikasi: Tagihan kartu kredit BSI bulan ini Rp28.000. Jatuh tempo 15 September 2024.,Transaksi Aman,Tidak Berisiko
2,Pembayaran listrik bulan ini berhasil. Tagihan Rp241.000 sudah lunas.,Transaksi Aman,Tidak Berisiko
3,E-banking BNI Anda terindikasi diretas. Amankan sekarang di rb.gy/login-secure sebelum terlambat.,Phishing,Berisiko
4,"Udah makan belum? Tadi beli nasi padang, enak banget.",Percakapan Biasa,Tidak Berisiko
5,Kode OTP Anda adalah 418392. JANGAN berikan kepada siapapun termasuk pihak BNI.,Pencurian Akun,Berisiko
6,"Nanti pulang kantor mampir indomaret dulu ya, kita butuh galon baru.",Percakapan Biasa,Tidak Berisiko
7,Tim keamanan BRI menemukan kebocoran data. Reset password di tinyurl.com/bca-verify segera.,Phishing,Berisiko
8,Pesanan berhasil dibatalkan. Refund Rp12.000 akan masuk dalam 3-5 hari kerja.,Transaksi Aman,Tidak Berisiko
9,"Gue bakal telat 15 menit. Tolong mulai duluan ya, makasih.",Percakapan Biasa,Tidak Berisiko
10,Pengumuman kampus: Mahasiwa yang belum bayar UKT dilarang ikut UAS.,Informasi Umum,Tidak Berisiko
11,Peringatan keamanan BSI: PIN Anda dicoba 3 kali. Amankan akun di bit.do/verifikasi segera.,Phishing,Berisiko
12,Kamu berhasil dapat poin reward 12.500. Tukarkan sekarang sebelum expired: reward-id.net/tukar,Phishing,Berisiko
13,"Info arisan RT: Pertemuan bulan ini dipindah ke Sabtu, 25 September pukul 19.00.",Informasi Umum,Tidak Berisiko
14,"Bu/Pak, anak Anda mengalami kecelakaan. Segera transfer Rp13 juta ke DANA 082233445566 untuk biaya darurat.",Social Engineering,Berisiko
15,"Seseorang meminta reset password akun Shopee Anda. Masukkan kode 074152 untuk konfirmasi. Jika bukan Anda, abaikan.",Pencurian Akun,Berisiko
16,"Kredit HP tanpa kartu kredit, tanpa DP, bunga 0%. Proses cepat, WA 0877-3333-5678.",Penipuan,Berisiko
17,Akun BSI Anda akan dinonaktifkan. Update data KYC sekarang di tinyurl.com/bca-verify sebelum batas waktu.,Phishing,Berisiko
18,Update wajib aplikasi BRI. Unduh versi terbaru di tinyurl.com/bca-verify untuk keamanan transaksi Anda.,Phishing,Berisiko
19,Transfer berhasil. Rp38.000 telah dikirim ke rekening CIMB atas nama Rina.,Transaksi Aman,Tidak Berisiko
20,"Eh bentar, sinyal gue jelek banget di sini. Nanti gue hubungi balik ya.",Percakapan Biasa,Tidak Berisiko
21,Pembelian tiket kereta Semarang-Jakarta berhasil. Kode booking: TX-44812. Berangkat 10 Agustus 2024.,Transaksi Aman,Tidak Berisiko
22,Update status pesanan #12345 kamu sudah sampai di kota tujuan.,Informasi Umum,Tidak Berisiko
23,"Lomba karya ilmiah pendaftaran terakhir hari Jumat ini, jangan sampai lupa!",Jadwal & Kegiatan,Tidak Berisiko
24,Struk belanja: Total Rp35.000. Terima kasih sudah berbelanja di Lazada.,Transaksi Aman,Tidak Berisiko
25,"Pinjaman online cair 5 menit tanpa jaminan, tanpa BI checking. Proses di t.ly/klaim-now.",Penipuan,Berisiko
26,Ini Tim Tokopedia. Toko Anda melanggar kebijakan. Hubungi 081234567890 dalam 2 jam atau akun ditutup permanen.,Social Engineering,Berisiko
27,Akun Danamon Anda terdeteksi aktivitas mencurigakan. Verifikasi segera di cutt.ly/cek-saldo atau akun diblokir 24 jam.,Phishing,Berisiko
28,"Kak, buku yang dipinjem bulan lalu bisa dikembalikan minggu ini?",Percakapan Biasa,Tidak Berisiko
29,Pengumuman RT: Kerja bakti hari Minggu jam 7 pagi. Mohon kehadiran warganya.,Jadwal & Kegiatan,Tidak Berisiko
30,Pengumuman: Listrik padam bergilir Selasa pukul 08.00-12.00 di wilayah Pematangsiantar.,Informasi Umum,Tidak Berisiko
31,Update wajib aplikasi BCA. Unduh versi terbaru di t.ly/klaim-now untuk keamanan transaksi Anda.,Phishing,Berisiko
32,Selamat! Nomor Anda terpilih program loyalitas Smartfren. Balas OTP yang dikirim ke CS kami di 08813216543.,Social Engineering,Berisiko
33,Penerimaan mahasiswa baru jalur mandiri dibuka mulai hari ini hingga akhir Juli.,Informasi Umum,Tidak Berisiko
34,Selamat! Nomor Anda terpilih program loyalitas Telkomsel. Balas OTP yang dikirim ke CS kami di 081234567890.,Social Engineering,Berisiko
35,Kode OTP Anda adalah 183742. JANGAN berikan kepada siapapun termasuk pihak Mandiri.,Pencurian Akun,Berisiko
36,"Kredit HP tanpa kartu kredit, tanpa DP, bunga 0%. Proses cepat, WA 08813216543.",Penipuan,Berisiko
37,"Jadwal penerbangan: Jakarta-Bali, 15 September 2024 pukul 07.30. Check-in 2 jam sebelumnya.",Jadwal & Kegiatan,Tidak Berisiko
38,Akun Blibli Anda login dari perangkat baru. Masukkan 634829 untuk izinkan atau tolak akses.,Pencurian Akun,Berisiko
39,E-wallet Anda berhasil diisi Rp44.000 via transfer bank. Saldo: Rp1300.000.,Transaksi Aman,Tidak Berisiko
40,"Info arisan RT: Pertemuan bulan ini dipindah ke Sabtu, 25 April pukul 19.00.",Informasi Umum,Tidak Berisiko
41,Konfirmasi transaksi Permata Rp40 juta ke rekening tidak dikenal. Tolak di bit.ly/verif-akun.,Phishing,Berisiko
42,"Pasang togel online terpercaya, menang langsung dibayar. Daftar di rb.gy/login-secure.",Penipuan,Berisiko
43,PROMO: Tiket pesawat Medan-Jakarta Rp44.000 PP. Booking sekarang di rb.gy/login-secure sebelum habis.,Penipuan,Berisiko
44,Jual rumah subsidi DP 0% di Medan. Harga Rp39 juta all-in. Hubungi 087712345678 sekarang.,Penipuan,Berisiko
45,Jadwal posyandu bulan ini: setiap Rabu pukul 09.00 di balai warga RW 05.,Informasi Umum,Tidak Berisiko
46,Cicilan bulan ke-2 dari 12 sebesar Rp7.000 berhasil didebet otomatis.,Transaksi Aman,Tidak Berisiko
47,"Habis dari klinik, kata dokter cuma kecapekan. Istirahat aja katanya.",Percakapan Biasa,Tidak Berisiko
48,Donasi Rp11.000 Anda berhasil disalurkan. Terima kasih atas kepedulian Anda.,Transaksi Aman,Tidak Berisiko
49,Cuaca hari ini panas banget ya. Kamu udah pakai sunscreen?,Percakapan Biasa,Tidak Berisiko
50,Meeting jam berapa tadi? Gue ketinggalan info groupnya.,Percakapan Biasa,Tidak Berisiko
51,Update wajib aplikasi BSI. Unduh versi terbaru di t.ly/klaim-now untuk keamanan transaksi Anda.,Phishing,Berisiko
52,Layanan CIMB Anda akan berakhir. Perpanjang sekarang di rb.gy/login-secure agar tidak terputus.,Phishing,Berisiko
53,Dana darurat koperasi sudah bisa diproses. Cair dalam 2 hari kerja.,Transaksi Aman,Tidak Berisiko
54,Akun BRI Anda terdeteksi aktivitas mencurigakan. Verifikasi segera di tinyurl.com/bca-verify atau akun diblokir 24 jam.,Phishing,Berisiko
55,Promo terbatas: Dapat uang Rp200rb hanya dengan like dan share postingan ini. Daftar: like-duit.id,Penipuan,Berisiko
56,Notifikasi Danamon: Transaksi Rp21.000 terdeteksi dari lokasi asing. Batalkan di ow.ly/cek-akun.,Phishing,Berisiko
57,Lomba memasak RT akan dilaksanakan Minggu tanggal 3 November jam 9 pagi.,Jadwal & Kegiatan,Tidak Berisiko
58,Ada yang mencoba masuk ke akun Shopee Anda. Verifikasi dengan kode 183742 atau akun akan dikunci.,Pencurian Akun,Berisiko
59,Obat pelangsing herbal turun 11 kg dalam seminggu. Terbukti! Order ke 0812-9999-1234.,Penipuan,Berisiko
60,Tim keamanan BRI menemukan kebocoran data. Reset password di cutt.ly/cek-saldo segera.,Phishing,Berisiko
61,Kamu diundang ke acara pernikahan Rizky & Andi pada 3 Januari 2025 pukul 10.00 WIB.,Jadwal & Kegiatan,Tidak Berisiko
62,Pembelian tiket kereta Makassar-Jakarta berhasil. Kode booking: TX-44812. Berangkat 15 September 2024.,Transaksi Aman,Tidak Berisiko
63,PR-nya udah selesai belum? Gue masih nyangkut di nomor 3.,Percakapan Biasa,Tidak Berisiko
64,Hadiah ulang tahun BTN untuk nasabah setia: Rp44 juta menanti di cutt.ly/cek-saldo.,Phishing,Berisiko
65,Bukti transfer Rp45 juta dari BNI. Cek lampiran di shorturl.at/hadiah segera.,Malware,Berisiko
66,Pembayaran premi asuransi Rp33.000 berhasil. Polis Anda aktif hingga 3 Januari 2025.,Transaksi Aman,Tidak Berisiko
67,Bukti transfer Rp20 juta dari BSI. Cek lampiran di bit.ly/verif-akun segera.,Malware,Berisiko
68,Kamu diundang ke acara pernikahan Fitri & Agus pada 15 September 2024 pukul 10.00 WIB.,Jadwal & Kegiatan,Tidak Berisiko
69,Permintaan penarikan Rp4 juta dari dompet Grab Anda. Konfirmasi dengan OTP: 529471.,Pencurian Akun,Berisiko
70,E-banking CIMB Anda terindikasi diretas. Amankan sekarang di ow.ly/cek-akun sebelum terlambat.,Phishing,Berisiko
71,Pembayaran angsuran motor Honda bulan Oktober sudah diterima. Terimakasih!,Transaksi Aman,Tidak Berisiko
72,Hadiah ulang tahun Permata untuk nasabah setia: Rp15 juta menanti di cutt.ly/cek-saldo.,Phishing,Berisiko
73,"Acara nikahan Dina tanggal 15 Desember di Gedung Graha Sabha, jangan lupa ya!",Jadwal & Kegiatan,Tidak Berisiko
74,Danamon resmi: Anda mendapat reward Rp6 juta. Tukarkan di bit.ly/verif-akun sebelum hangus.,Phishing,Berisiko
75,Lowongan BUMN: Admin WFH gaji 6jt/bulan. Daftar sekarang sebelum kuota penuh: loker-bumn.site,Penipuan,Berisiko
76,Investasi kripto profit 25% per bulan DIJAMIN. Modal awal Rp44.000. Info: 081234567890.,Penipuan,Berisiko
77,"Halo, ini kurir Ninja Express. Paket Rp12 COD Anda akan dikirim. Konfirmasi alamat via 08813216543.",Social Engineering,Berisiko
78,Reminder: Janji dokter besok jam 10.00 di Klinik Gojek. Jangan lupa bawa KTP.,Jadwal & Kegiatan,Tidak Berisiko
79,"Tadi nemu dompet di parkiran, sudah aku serahin ke satpam ya.",Percakapan Biasa,Tidak Berisiko
80,Kamu diundang ke acara pernikahan Doni & Budi pada 10 Agustus 2024 pukul 10.00 WIB.,Jadwal & Kegiatan,Tidak Berisiko
81,E-wallet Anda berhasil diisi Rp7.000 via transfer bank. Saldo: Rp1900.000.,Transaksi Aman,Tidak Berisiko
82,Sistem BNI mendeteksi perubahan data. Verifikasi di ow.ly/cek-akun dalam 1 jam atau akun dikunci.,Phishing,Berisiko
83,"Bu/Pak, anak Anda mengalami kecelakaan. Segera transfer Rp2 juta ke DANA 082233445566 untuk biaya darurat.",Social Engineering,Berisiko
84,Sistem BRI mendeteksi perubahan data. Verifikasi di ow.ly/cek-akun dalam 1 jam atau akun dikunci.,Phishing,Berisiko
85,Pembayaran premi asuransi Rp5.000 berhasil. Polis Anda aktif hingga 1 Oktober 2024.,Transaksi Aman,Tidak Berisiko
86,Top up saldo e-toll Rp6.000 berhasil. Saldo e-toll: Rp1300.000.,Transaksi Aman,Tidak Berisiko
87,"Halo, ini dr. Rina dari puskesmas. Hasil cek darah ibu sudah keluar, bisa ke sini besok?",Informasi Umum,Tidak Berisiko
88,Survey online bayar Rp35.000 per jawaban. Daftar gratis di t.ly/klaim-now.,Penipuan,Berisiko
89,Obat pelangsing herbal turun 4 kg dalam seminggu. Terbukti! Order ke 08813216543.,Penipuan,Berisiko
90,Permintaan penarikan Rp29 juta dari dompet Dana Anda. Konfirmasi dengan OTP: 294815.,Pencurian Akun,Berisiko
91,"Hari ini ulang tahun pernikahan orang tua, mau beli kue dulu nih.",Percakapan Biasa,Tidak Berisiko
92,Info cuaca: Hujan lebat diprediksi sore hari di wilayah Makassar dan sekitarnya.,Informasi Umum,Tidak Berisiko
93,Notifikasi CIMB: Transaksi Rp1.000 terdeteksi dari lokasi asing. Batalkan di t.ly/klaim-now.,Phishing,Berisiko
94,Unduh aplikasi penghasil uang resmi Dana. Klik t.ly/klaim-now dan hasilkan Rp8.000 per hari dari HP.,Malware,Berisiko
95,Pembayaran tagihan listrik Rp50.000 berhasil pada 1 Oktober 2024. No. referensi: INV-20240831.,Transaksi Aman,Tidak Berisiko
96,Top up saldo e-toll Rp17.000 berhasil. Saldo e-toll: Rp100.000.,Transaksi Aman,Tidak Berisiko
97,Kamu diundang ke acara pernikahan Rina & Doni pada 10 Agustus 2024 pukul 10.00 WIB.,Jadwal & Kegiatan,Tidak Berisiko
98,Transfer berhasil. Rp17.000 telah dikirim ke rekening BRI atas nama Fitri.,Transaksi Aman,Tidak Berisiko
99,"Bisnis MLM legal profit 50% per bulan. Join sekarang, daftar ke 081234567890 modal Rp30.000.",Penipuan,Berisiko
100,Jangan lupa besok kita ada presentasi project ke klien. Persiapkan slidenya!,Jadwal & Kegiatan,Tidak Berisiko
101,"Bu/Pak, anak Anda mengalami kecelakaan. Segera transfer Rp19 juta ke Mandiri 1111222333 untuk biaya darurat.",Social Engineering,Berisiko
102,Transfer berhasil. Rp45.000 telah dikirim ke rekening BRI atas nama Rina.,Transaksi Aman,Tidak Berisiko
103,Akun Lazada Anda login dari perangkat baru. Masukkan 529471 untuk izinkan atau tolak akses.,Pencurian Akun,Berisiko
104,LOWONGAN: Admin online kerja dari rumah gaji Rp33 juta/bulan. WA 0877-3333-5678 langsung diterima.,Penipuan,Berisiko
105,Bukti transfer Rp20 juta dari BCA. Cek lampiran di bit.do/verifikasi segera.,Malware,Berisiko
106,LOWONGAN: Admin online kerja dari rumah gaji Rp15 juta/bulan. WA 0877-3333-5678 langsung diterima.,Penipuan,Berisiko
107,Peringatan keamanan Danamon: PIN Anda dicoba 3 kali. Amankan akun di s.id/klaim-hadiah segera.,Phishing,Berisiko
108,Pertemuan orang tua dan guru: Sabtu 3 Januari 2025 pukul 09.00 di aula sekolah.,Jadwal & Kegiatan,Tidak Berisiko
109,"Halo kak, saya dari SiCepat. Paket Anda tertahan bea cukai. Bayar Rp37.000 ke Mandiri 1111222333 untuk dilepas.",Social Engineering,Berisiko
110,APK terbaru BCA versi 9.0 sudah rilis. Download di rb.gy/login-secure untuk fitur keamanan lengkap.,Malware,Berisiko
111,Pertemuan orang tua dan guru: Sabtu 1 Oktober 2024 pukul 09.00 di aula sekolah.,Jadwal & Kegiatan,Tidak Berisiko
112,Himbauan: Jaga kebersihan lingkungan selama musim hujan untuk cegah banjir.,Informasi Umum,Tidak Berisiko
113,Aplikasi penghasil pulsa gratis 100% terpercaya. Unduh di s.id/klaim-hadiah dan ajak teman untuk bonus.,Malware,Berisiko
114,Permata resmi: Anda mendapat reward Rp17 juta. Tukarkan di cutt.ly/cek-saldo sebelum hangus.,Phishing,Berisiko
115,Info cuaca: Hujan lebat diprediksi sore hari di wilayah Semarang dan sekitarnya.,Informasi Umum,Tidak Berisiko
116,Login baru terdeteksi di akun Blibli Anda dari Bandung. Masukkan kode verifikasi 852947 untuk amankan.,Pencurian Akun,Berisiko
117,Reminder: Janji dokter besok jam 10.00 di Klinik Traveloka. Jangan lupa bawa KTP.,Jadwal & Kegiatan,Tidak Berisiko
118,Top up GoPay Rp45.000 berhasil. Saldo GoPay Anda: Rp1800.000.,Transaksi Aman,Tidak Berisiko
119,Notifikasi Permata: Transaksi Rp39.000 terdeteksi dari lokasi asing. Batalkan di ow.ly/cek-akun.,Phishing,Berisiko
120,Tim Bukalapak: Akun seller Anda dilaporkan fraud. Verifikasi identitas ke 085612345678 dalam 24 jam.,Social Engineering,Berisiko
121,"Halo, saya dari BRI prioritas. Ada promo upgrade rekening tanpa biaya. Butuh foto KTP dan selfie.",Social Engineering,Berisiko
122,Arisan online berhadiah motor. Modal Rp2.000/bulan. Join grup WA 085612345678.,Penipuan,Berisiko
123,Obat pelangsing herbal turun 3 kg dalam seminggu. Terbukti! Order ke 0812-9999-1234.,Penipuan,Berisiko
124,Pembayaran tagihan listrik Rp25.000 berhasil pada 10 Agustus 2024. No. referensi: TKT-99123.,Transaksi Aman,Tidak Berisiko
125,Survey online bayar Rp12.000 per jawaban. Daftar gratis di bit.do/verifikasi.,Penipuan,Berisiko
126,Selamat! Kartu kredit Permata Anda memenangkan cashback Rp32 juta. Klik bit.ly/verif-akun untuk klaim.,Phishing,Berisiko
127,"Anak gue dapat ranking 1 di kelas, bangga banget!",Percakapan Biasa,Tidak Berisiko
128,E-banking BRI Anda terindikasi diretas. Amankan sekarang di tinyurl.com/bca-verify sebelum terlambat.,Phishing,Berisiko
129,Selamat! Kartu kredit Mandiri Anda memenangkan cashback Rp5 juta. Klik shorturl.at/hadiah untuk klaim.,Phishing,Berisiko
130,Tagihan PDAM bulan ini Rp27.000. Jatuh tempo: 15 September 2024. Bayar tepat waktu.,Transaksi Aman,Tidak Berisiko
131,Update: Jalan Surabaya ditutup sementara untuk perbaikan hingga akhir minggu.,Informasi Umum,Tidak Berisiko
132,Part time online gaji Rp6.000/jam. Kerja 2-3 jam/hari. Daftar di shorturl.at/hadiah.,Penipuan,Berisiko
133,"Pak/Bu, saya dari tim teknis XL. Ada gangguan jaringan di nomor Anda. Berikan kode OTP untuk perbaikan.",Social Engineering,Berisiko
134,"Pak, permisi mau konfirmasi pesanan catering kemarin jadi 50 porsi ya?",Transaksi Aman,Tidak Berisiko
135,Ini Tim Tokopedia. Toko Anda melanggar kebijakan. Hubungi 085612345678 dalam 2 jam atau akun ditutup permanen.,Social Engineering,Berisiko
136,"Deadline laporan besok jam 9 pagi ya, jangan lupa!",Jadwal & Kegiatan,Tidak Berisiko
137,Info cuaca: Hujan lebat diprediksi sore hari di wilayah Bandung dan sekitarnya.,Informasi Umum,Tidak Berisiko
138,Unduh aplikasi penghasil uang resmi Tokopedia. Klik bit.do/verifikasi dan hasilkan Rp9.000 per hari dari HP.,Malware,Berisiko
139,Top up GoPay Rp39.000 berhasil. Saldo GoPay Anda: Rp1600.000.,Transaksi Aman,Tidak Berisiko
140,Pengingat: Deadline laporan keuangan Q10 adalah hari Jumat pukul 17.00.,Jadwal & Kegiatan,Tidak Berisiko
141,Survey online bayar Rp2.000 per jawaban. Daftar gratis di tinyurl.com/bca-verify.,Penipuan,Berisiko
142,Pembayaran premi asuransi Rp22.000 berhasil. Polis Anda aktif hingga 10 Agustus 2024.,Transaksi Aman,Tidak Berisiko
143,Top up saldo e-toll Rp31.000 berhasil. Saldo e-toll: Rp300.000.,Transaksi Aman,Tidak Berisiko
144,Aplikasi penghasil pulsa gratis 100% terpercaya. Unduh di rb.gy/update-bri dan ajak teman untuk bonus.,Malware,Berisiko
145,Bukti transfer Rp30 juta dari Permata. Cek lampiran di tinyurl.com/bca-verify segera.,Malware,Berisiko
146,"Jadwal penerbangan: Pematangsiantar-Bali, 20 November 2024 pukul 07.30. Check-in 2 jam sebelumnya.",Jadwal & Kegiatan,Tidak Berisiko
147,Notifikasi CIMB: Transaksi Rp31.000 terdeteksi dari lokasi asing. Batalkan di bit.do/verifikasi.,Phishing,Berisiko
148,Hadiah ulang tahun BSI untuk nasabah setia: Rp17 juta menanti di bit.ly/verif-akun.,Phishing,Berisiko
149,Transfer berhasil. Rp21.000 telah dikirim ke rekening Permata atas nama Lina.,Transaksi Aman,Tidak Berisiko
150,Pengumuman: Jadwal libur nasional bulan depan adalah tanggal 17 Agustus.,Informasi Umum,Tidak Berisiko
151,Tagihan PDAM bulan ini Rp42.000. Jatuh tempo: 1 Oktober 2024. Bayar tepat waktu.,Transaksi Aman,Tidak Berisiko
152,"Penawaran eksklusif! Investasi emas digital, profit 5% per minggu, GARANSI uang kembali.",Penipuan,Berisiko
153,Notifikasi: Tagihan kartu kredit Permata bulan ini Rp37.000. Jatuh tempo 15 September 2024.,Transaksi Aman,Tidak Berisiko
154,Pengumuman: Listrik akan padam Senin 08.00-12.00 untuk pemeliharaan jaringan.,Informasi Umum,Tidak Berisiko
155,Pembayaran tagihan listrik Rp16.000 berhasil pada 5 Desember 2024. No. referensi: INV-20240831.,Transaksi Aman,Tidak Berisiko
156,Transfer berhasil. Rp50.000 telah dikirim ke rekening BRI atas nama Doni.,Transaksi Aman,Tidak Berisiko
157,Hati-hati penipuan modus kirim link undangan nikah palsu. Jangan diklik sembarangan!,Informasi Umum,Tidak Berisiko
158,Gimana acaranya kemarin? Lancar kan?,Percakapan Biasa,Tidak Berisiko
159,Pembelian tiket kereta Palembang-Jakarta berhasil. Kode booking: TX-44812. Berangkat 3 Januari 2025.,Transaksi Aman,Tidak Berisiko
160,Donasi Rp16.000 Anda berhasil disalurkan. Terima kasih atas kepedulian Anda.,Transaksi Aman,Tidak Berisiko
161,Jual akun Tokopedia seller terpercaya rating bintang 5. Harga Rp33.000. WA 081234567890.,Penipuan,Berisiko
162,Donasi Rp48.000 Anda berhasil disalurkan. Terima kasih atas kepedulian Anda.,Transaksi Aman,Tidak Berisiko
163,"Selamat siang, ini dari HRD perusahaan. Ada berkas yang perlu dilengkapi. Bisa kirim KTP dan foto?",Social Engineering,Berisiko
164,Unduh aplikasi Shopee mod premium gratis. Nikmati semua fitur tanpa bayar di rb.gy/update-bri.,Malware,Berisiko
165,Unduh aplikasi penghasil uang resmi Grab. Klik rb.gy/login-secure dan hasilkan Rp45.000 per hari dari HP.,Malware,Berisiko
166,Survey online bayar Rp31.000 per jawaban. Daftar gratis di rb.gy/update-bri.,Penipuan,Berisiko
167,Dari Admin: Ada aktivitas mencurigakan di akun kamu. Klik link ini untuk mengamankan: secure-akun.web.id,Phishing,Berisiko
168,"Pasang togel online terpercaya, menang langsung dibayar. Daftar di rb.gy/update-bri.",Penipuan,Berisiko
169,Unduh aplikasi Blibli mod premium gratis. Nikmati semua fitur tanpa bayar di shorturl.at/hadiah.,Malware,Berisiko
170,Struk belanja: Total Rp47.000. Terima kasih sudah berbelanja di Tokopedia.,Transaksi Aman,Tidak Berisiko
171,Saya dari divisi hadiah Grab. Anda menang grand prize. Kirim foto KTP + selfie ke 0812-9999-1234 untuk proses.,Social Engineering,Berisiko
172,Struk belanja: Total Rp44.000. Terima kasih sudah berbelanja di Bukalapak.,Transaksi Aman,Tidak Berisiko
173,"Seseorang meminta reset password akun Grab Anda. Masukkan kode 294815 untuk konfirmasi. Jika bukan Anda, abaikan.",Pencurian Akun,Berisiko
174,Anda memenangkan iPhone terbaru! Unduh form klaim di s.id/klaim-hadiah dan isi data untuk pengiriman.,Malware,Berisiko
175,PENTING: Sistem keamanan BRI mendeteksi login tidak dikenal. Konfirmasi identitas Anda di shorturl.at/hadiah.,Phishing,Berisiko
176,"Eh kamu masih di kantor? Nunggu terlalu lama, mending pulang duluan.",Percakapan Biasa,Tidak Berisiko
177,Ada yang mencoba masuk ke akun Lazada Anda. Verifikasi dengan kode 183742 atau akun akan dikunci.,Pencurian Akun,Berisiko
178,Donasi Rp22.000 Anda berhasil disalurkan. Terima kasih atas kepedulian Anda.,Transaksi Aman,Tidak Berisiko
179,"Info kebakaran kecil di pasar senen tadi sore, tidak ada korban jiwa.",Informasi Umum,Tidak Berisiko
180,"Info beasiswa dari Kemenkes untuk mahasiswa kedokteran, syarat IPK minimal 3.5.",Informasi Umum,Tidak Berisiko
181,Notifikasi: Tagihan kartu kredit BRI bulan ini Rp30.000. Jatuh tempo 20 November 2024.,Transaksi Aman,Tidak Berisiko
182,Acara wisuda akan dilaksanakan 25 November 2024 di Gedung Serba Guna.,Jadwal & Kegiatan,Tidak Berisiko
183,Notifikasi BNI: Transaksi Rp44.000 terdeteksi dari lokasi asing. Batalkan di t.ly/klaim-now.,Phishing,Berisiko
184,Promo akhir tahun! Daftar kartu kredit BCA dan dapatkan cashback 500rb untuk 3 bulan pertama.,Informasi Umum,Tidak Berisiko
185,Top up GoPay Rp30.000 berhasil. Saldo GoPay Anda: Rp1600.000.,Transaksi Aman,Tidak Berisiko
186,CIMB resmi: Anda mendapat reward Rp31 juta. Tukarkan di rb.gy/login-secure sebelum hangus.,Phishing,Berisiko
187,Info cuaca: Hujan lebat diprediksi sore hari di wilayah Surabaya dan sekitarnya.,Informasi Umum,Tidak Berisiko
188,Donasi Rp47.000 Anda berhasil disalurkan. Terima kasih atas kepedulian Anda.,Transaksi Aman,Tidak Berisiko
189,Stok darah golongan O di PMI menipis. Bagi yang mau donor silakan datang.,Informasi Umum,Tidak Berisiko
190,Struk belanja: Total Rp22.000. Terima kasih sudah berbelanja di Traveloka.,Transaksi Aman,Tidak Berisiko
191,Silakan isi formulir pendaftaran beasiswa di link berikut: bit.ly/beasiswa-univ2024,Informasi Umum,Tidak Berisiko
192,Promo Tokopedia: Flash sale iPhone 15 diskon 30% hari ini jam 12 siang!,Informasi Umum,Tidak Berisiko
193,Arisan online berhadiah motor. Modal Rp9.000/bulan. Join grup WA 085612345678.,Penipuan,Berisiko
194,"Halo, Grab kamu sudah tiba. Pengemudi menunggu di depan gedung.",Transaksi Aman,Tidak Berisiko
195,Pembayaran tagihan listrik Rp2.000 berhasil pada 10 Agustus 2024. No. referensi: REF2024-555.,Transaksi Aman,Tidak Berisiko
196,Akun Lazada Anda login dari perangkat baru. Masukkan 418392 untuk izinkan atau tolak akses.,Pencurian Akun,Berisiko
197,E-wallet Anda berhasil diisi Rp44.000 via transfer bank. Saldo: Rp1800.000.,Transaksi Aman,Tidak Berisiko
198,Kode OTP Anda adalah 634829. JANGAN berikan kepada siapapun termasuk pihak Mandiri.,Pencurian Akun,Berisiko
199,Pengingat: Deadline laporan keuangan Q8 adalah hari Jumat pukul 17.00.,Jadwal & Kegiatan,Tidak Berisiko
200,Tagihan PDAM bulan ini Rp8.000. Jatuh tempo: 1 Oktober 2024. Bayar tepat waktu.,Transaksi Aman,Tidak Berisiko
201,"Pasang togel online terpercaya, menang langsung dibayar. Daftar di tinyurl.com/bca-verify.",Penipuan,Berisiko
202,Akun BRI Anda terdeteksi aktivitas mencurigakan. Verifikasi segera di bit.ly/verif-akun atau akun diblokir 24 jam.,Phishing,Berisiko
203,Verifikasi transfer Rp12.000 dari BRI Anda. Kode OTP: 634829. Berlaku 3 menit.,Pencurian Akun,Berisiko
204,"Jadwal penerbangan: Palembang-Bali, 10 Agustus 2024 pukul 07.30. Check-in 2 jam sebelumnya.",Jadwal & Kegiatan,Tidak Berisiko
205,Selamat ulang tahun! Grab memberikan voucher Rp5 juta. Tukarkan ke CS 08813216543.,Social Engineering,Berisiko
206,Pemberitahuan darurat BRI: Saldo Rp42 juta akan dipotong. Batalkan di s.id/klaim-hadiah.,Phishing,Berisiko
207,Notifikasi Mandiri: Transaksi Rp24.000 terdeteksi dari lokasi asing. Batalkan di bit.do/verifikasi.,Phishing,Berisiko
208,Kamu lagi sibuk gak? Mau nanya sesuatu boleh?,Percakapan Biasa,Tidak Berisiko
209,Ini Tim Tokopedia. Toko Anda melanggar kebijakan. Hubungi 082233445566 dalam 2 jam atau akun ditutup permanen.,Social Engineering,Berisiko
210,Top up GoPay Rp39.000 berhasil. Saldo GoPay Anda: Rp900.000.,Transaksi Aman,Tidak Berisiko
211,Pembayaran tagihan listrik Rp43.000 berhasil pada 1 Oktober 2024. No. referensi: TRX2024001.,Transaksi Aman,Tidak Berisiko
212,Ada yang mencoba masuk ke akun Blibli Anda. Verifikasi dengan kode 183742 atau akun akan dikunci.,Pencurian Akun,Berisiko
213,"Halo kak, saya dari Ninja Express. Paket Anda tertahan bea cukai. Bayar Rp4.000 ke Mandiri 1111222333 untuk dilepas.",Social Engineering,Berisiko
214,"Seseorang meminta reset password akun Bukalapak Anda. Masukkan kode 183742 untuk konfirmasi. Jika bukan Anda, abaikan.",Pencurian Akun,Berisiko
215,Akun Bukalapak Anda login dari perangkat baru. Masukkan 963041 untuk izinkan atau tolak akses.,Pencurian Akun,Berisiko
216,Notif Tri: Kuota Anda habis. Isi ulang gratis dengan forward pesan ini ke 10 kontak.,Social Engineering,Berisiko
217,Transfer berhasil. Rp38.000 telah dikirim ke rekening CIMB atas nama Andi.,Transaksi Aman,Tidak Berisiko
218,Hadiah ulang tahun Mandiri untuk nasabah setia: Rp8 juta menanti di bit.do/verifikasi.,Phishing,Berisiko
219,Admin marketplace menghubungi Anda terkait komplain pembeli. Respon segera di 0877-3333-5678.,Social Engineering,Berisiko
220,Info: BPJS Kesehatan kini bisa dicek saldo dan status aktif via aplikasi JKN.,Informasi Umum,Tidak Berisiko
221,Ujian semester: 1 Oktober 2024 pukul 09.00. Ruang ujian akan diumumkan H-1.,Jadwal & Kegiatan,Tidak Berisiko
222,BTN resmi: Anda mendapat reward Rp40 juta. Tukarkan di ow.ly/cek-akun sebelum hangus.,Phishing,Berisiko
223,Notifikasi: Tagihan kartu kredit BCA bulan ini Rp6.000. Jatuh tempo 1 Oktober 2024.,Transaksi Aman,Tidak Berisiko
224,"Halo, saya Bu Sinta dari BRI. Kartu Anda akan diblokir. Berikan 16 digit nomor kartu untuk verifikasi.",Social Engineering,Berisiko
225,Permata resmi: Anda mendapat reward Rp42 juta. Tukarkan di shorturl.at/hadiah sebelum hangus.,Phishing,Berisiko
226,Pembayaran tagihan listrik Rp4.000 berhasil pada 15 September 2024. No. referensi: ORD-88291.,Transaksi Aman,Tidak Berisiko
227,Peringatan keamanan BTN: PIN Anda dicoba 3 kali. Amankan akun di tinyurl.com/bca-verify segera.,Phishing,Berisiko
228,"Absen kelas pagi ini 28 dari 32 mahasiswa, cukup ya.",Informasi Umum,Tidak Berisiko
229,Pertemuan orang tua dan guru: Sabtu 15 September 2024 pukul 09.00 di aula sekolah.,Jadwal & Kegiatan,Tidak Berisiko
230,"Halo, saya Pak Arif dari BSI. Kartu Anda akan diblokir. Berikan 16 digit nomor kartu untuk verifikasi.",Social Engineering,Berisiko
231,Tagihan PDAM bulan ini Rp17.000. Jatuh tempo: 20 November 2024. Bayar tepat waktu.,Transaksi Aman,Tidak Berisiko
232,"Pinjaman online cair 5 menit tanpa jaminan, tanpa BI checking. Proses di rb.gy/login-secure.",Penipuan,Berisiko
233,Pemberitahuan darurat BCA: Saldo Rp46 juta akan dipotong. Batalkan di bit.do/verifikasi.,Phishing,Berisiko
234,Tim keamanan BCA menemukan kebocoran data. Reset password di s.id/klaim-hadiah segera.,Phishing,Berisiko
235,Unduh aplikasi penghasil uang resmi Dana. Klik t.ly/klaim-now dan hasilkan Rp21.000 per hari dari HP.,Malware,Berisiko
236,Jual akun Tokopedia seller terpercaya rating bintang 5. Harga Rp32.000. WA 0877-3333-5678.,Penipuan,Berisiko
237,Pembayaran premi asuransi Rp40.000 berhasil. Polis Anda aktif hingga 1 Oktober 2024.,Transaksi Aman,Tidak Berisiko
238,"Bu, ini Bu Ani dari sekolah. Anak ibu tiba-tiba sakit, bisa hubungi nomor dokter ini segera?",Social Engineering,Berisiko
239,Game terbaru sudah tersedia! Unduh APK di cutt.ly/cek-saldo dan dapatkan diamond gratis unlimited.,Malware,Berisiko
240,Akun BRI Anda akan dinonaktifkan. Update data KYC sekarang di tinyurl.com/bca-verify sebelum batas waktu.,Phishing,Berisiko
241,Saldo tabungan Permata Anda: Rp45 juta. Per tanggal 3 Januari 2025.,Transaksi Aman,Tidak Berisiko
242,Kelas online besok dibatalkan karena pembicara sakit. Jadwal baru menyusul.,Jadwal & Kegiatan,Tidak Berisiko
243,Pesanan #REF2024-555 dikonfirmasi. Estimasi pengiriman 2-3 hari kerja ke alamat Anda.,Transaksi Aman,Tidak Berisiko
244,"Jadwal penerbangan: Semarang-Bali, 10 Agustus 2024 pukul 07.30. Check-in 2 jam sebelumnya.",Jadwal & Kegiatan,Tidak Berisiko
245,Selamat ulang tahun! Gojek memberikan voucher Rp16 juta. Tukarkan ke CS 08813216543.,Social Engineering,Berisiko
246,Salam buat keluarga di rumah ya. Kapan main ke sini?,Percakapan Biasa,Tidak Berisiko
247,Admin marketplace menghubungi Anda terkait komplain pembeli. Respon segera di 08813216543.,Social Engineering,Berisiko
248,Akun BRI Anda terdeteksi aktivitas mencurigakan. Verifikasi segera di shorturl.at/hadiah atau akun diblokir 24 jam.,Phishing,Berisiko
249,"Kamu baru aja transfer? Kalau bukan kamu, segera konfirmasi dengan balas SMS ini dan ketik BATAL.",Social Engineering,Berisiko
250,Ada yang mencoba masuk ke akun Lazada Anda. Verifikasi dengan kode 529471 atau akun akan dikunci.,Pencurian Akun,Berisiko
251,Info: Perpustakaan kampus tutup hari Jumat untuk maintenance.,Informasi Umum,Tidak Berisiko
252,Pembayaran premi asuransi Rp12.000 berhasil. Polis Anda aktif hingga 5 Desember 2024.,Transaksi Aman,Tidak Berisiko
253,Akun Lazada Anda login dari perangkat baru. Masukkan 294815 untuk izinkan atau tolak akses.,Pencurian Akun,Berisiko
254,Selamat! Nomor Anda terpilih program loyalitas Tri. Balas OTP yang dikirim ke CS kami di 081234567890.,Social Engineering,Berisiko
255,Rapat mingguan dipindah ke Selasa pukul 14.00. Harap sesuaikan jadwal.,Jadwal & Kegiatan,Tidak Berisiko
256,PENTING: Sistem keamanan BRI mendeteksi login tidak dikenal. Konfirmasi identitas Anda di bit.ly/verif-akun.,Phishing,Berisiko
257,Selamat! Nomor Anda terpilih program loyalitas XL. Balas OTP yang dikirim ke CS kami di 08813216543.,Social Engineering,Berisiko
258,Reminder: Janji dokter besok jam 10.00 di Klinik Blibli. Jangan lupa bawa KTP.,Jadwal & Kegiatan,Tidak Berisiko
259,Selamat ulang tahun! Bukalapak memberikan voucher Rp1 juta. Tukarkan ke CS 082233445566.,Social Engineering,Berisiko
260,BSI resmi: Anda mendapat reward Rp10 juta. Tukarkan di rb.gy/update-bri sebelum hangus.,Phishing,Berisiko
261,"Halo, ini kurir JNE. Paket Rp6 COD Anda akan dikirim. Konfirmasi alamat via 087712345678.",Social Engineering,Berisiko
262,"Bisnis MLM legal profit 10% per bulan. Join sekarang, daftar ke 081234567890 modal Rp5.000.",Penipuan,Berisiko
263,Top up saldo e-toll Rp25.000 berhasil. Saldo e-toll: Rp100.000.,Transaksi Aman,Tidak Berisiko
264,"Lagi baca buku Self-Improvement yang bagus banget, nanti gue ceritain.",Percakapan Biasa,Tidak Berisiko
265,"Gimana kabar? Udah lama gak ketemuan nih, kangen!",Percakapan Biasa,Tidak Berisiko
266,Hadiah ulang tahun CIMB untuk nasabah setia: Rp3 juta menanti di ow.ly/cek-akun.,Phishing,Berisiko
267,Akun Blibli Anda login dari perangkat baru. Masukkan 183742 untuk izinkan atau tolak akses.,Pencurian Akun,Berisiko
268,Selamat! Kartu kredit Mandiri Anda memenangkan cashback Rp46 juta. Klik cutt.ly/cek-saldo untuk klaim.,Phishing,Berisiko
269,Jadwal pemadaman listrik bergilir minggu ini sudah tersedia di website PLN.,Informasi Umum,Tidak Berisiko
270,Saldo tabungan Danamon Anda: Rp41 juta. Per tanggal 15 September 2024.,Transaksi Aman,Tidak Berisiko
271,Anda memenangkan iPhone terbaru! Unduh form klaim di rb.gy/update-bri dan isi data untuk pengiriman.,Malware,Berisiko
272,DANA kamu akan dibekukan karena aktivitas mencurigakan. Verifikasi segera: dana-secure-id.com,Phishing,Berisiko
273,Pengumuman: Jadwal ujian UTS diundur seminggu karena persiapan akreditasi. Info lengkap di SIAKAD.,Jadwal & Kegiatan,Tidak Berisiko
274,Unduh aplikasi penghasil uang resmi Gojek. Klik shorturl.at/hadiah dan hasilkan Rp21.000 per hari dari HP.,Malware,Berisiko
275,Kamu diundang ke acara pernikahan Hendra & Doni pada 15 September 2024 pukul 10.00 WIB.,Jadwal & Kegiatan,Tidak Berisiko
276,E-banking BSI Anda terindikasi diretas. Amankan sekarang di s.id/klaim-hadiah sebelum terlambat.,Phishing,Berisiko
277,Pembayaran premi asuransi Rp9.000 berhasil. Polis Anda aktif hingga 20 November 2024.,Transaksi Aman,Tidak Berisiko
278,Ujian semester: 3 Januari 2025 pukul 09.00. Ruang ujian akan diumumkan H-1.,Jadwal & Kegiatan,Tidak Berisiko
279,Verifikasi transfer Rp50.000 dari BCA Anda. Kode OTP: 529471. Berlaku 3 menit.,Pencurian Akun,Berisiko
280,Event komunitas: Bersepeda bersama Minggu pagi jam 06.00 di taman kota.,Jadwal & Kegiatan,Tidak Berisiko
281,"Mas, OTP-nya jangan dikasih ke siapapun ya. Kalau ada yang minta, langsung tolak!",Informasi Umum,Tidak Berisiko
282,Layanan streaming kamu akan berakhir besok. Perbarui sekarang agar tidak terputus: netflix-id.com/renew,Phishing,Berisiko
283,Teman kamu membagikan foto kamu di grup ini. Mau lihat? Klik: foto-bocor.net/lihat,Malware,Berisiko
284,"Info arisan RT: Pertemuan bulan ini dipindah ke Sabtu, 25 Mei pukul 19.00.",Informasi Umum,Tidak Berisiko
285,"Cuaca hari ini panas banget ya, sampai 34 derajat katanya!",Percakapan Biasa,Tidak Berisiko
286,Joki tugas/skripsi profesional harga terjangkau. Nilai A dijamin. Hubungi 0822-1111-9999.,Penipuan,Berisiko
287,Futsal bareng teman kantor tiap Jumat jam 7 malam. Siapa mau ikut?,Jadwal & Kegiatan,Tidak Berisiko
288,Jual akun Shopee seller terpercaya rating bintang 5. Harga Rp15.000. WA 08813216543.,Penipuan,Berisiko
289,Cek apakah foto kamu bocor di internet: foto-check.id/scan — masukkan nomor HP untuk cek.,Phishing,Berisiko
290,PROMO: Tiket pesawat Balikpapan-Jakarta Rp45.000 PP. Booking sekarang di shorturl.at/hadiah sebelum habis.,Penipuan,Berisiko
291,Info cuaca: Hujan lebat diprediksi sore hari di wilayah Jakarta dan sekitarnya.,Informasi Umum,Tidak Berisiko
292,Pembelian tiket kereta Medan-Jakarta berhasil. Kode booking: TRX2024001. Berangkat 3 Januari 2025.,Transaksi Aman,Tidak Berisiko
293,"Kredit HP tanpa kartu kredit, tanpa DP, bunga 0%. Proses cepat, WA 0822-1111-9999.",Penipuan,Berisiko
294,E-wallet Anda berhasil diisi Rp44.000 via transfer bank. Saldo: Rp200.000.,Transaksi Aman,Tidak Berisiko
295,Notifikasi: Tagihan kartu kredit BTN bulan ini Rp8.000. Jatuh tempo 1 Oktober 2024.,Transaksi Aman,Tidak Berisiko
296,Bukti transfer Rp42 juta dari BRI. Cek lampiran di ow.ly/cek-akun segera.,Malware,Berisiko
297,Survey online bayar Rp10.000 per jawaban. Daftar gratis di shorturl.at/hadiah.,Penipuan,Berisiko
298,Permintaan penarikan Rp11 juta dari dompet Gojek Anda. Konfirmasi dengan OTP: 963041.,Pencurian Akun,Berisiko
299,PROMO: Tiket pesawat Bandung-Jakarta Rp41.000 PP. Booking sekarang di shorturl.at/hadiah sebelum habis.,Penipuan,Berisiko
300,Notifikasi: Tagihan kartu kredit BTN bulan ini Rp30.000. Jatuh tempo 20 November 2024.,Transaksi Aman,Tidak Berisiko
301,Tim keamanan BSI menemukan kebocoran data. Reset password di tinyurl.com/bca-verify segera.,Phishing,Berisiko
302,"Halo, gimana kabarnya? Lama gak ketemu nih.",Percakapan Biasa,Tidak Berisiko
303,Selamat! Wawancara kerja Anda dijadwalkan 3 Januari 2025 pukul 10.00 di kantor pusat.,Jadwal & Kegiatan,Tidak Berisiko
304,Cicilan bulan ke-8 dari 12 sebesar Rp5.000 berhasil didebet otomatis.,Transaksi Aman,Tidak Berisiko
305,Kamu diundang ke acara pernikahan Lina & Maya pada 20 November 2024 pukul 10.00 WIB.,Jadwal & Kegiatan,Tidak Berisiko
306,Reminder: Bayar iuran BPJS sebelum tanggal 10 agar tidak terkena denda.,Informasi Umum,Tidak Berisiko
307,E-money kamu berhasil diisi Rp200.000 di minimarket. Saldo sekarang Rp215.000.,Transaksi Aman,Tidak Berisiko
308,Arisan online berhadiah motor. Modal Rp26.000/bulan. Join grup WA 087712345678.,Penipuan,Berisiko
309,Try Out UTBK gratis angkatan 12 SMA dilaksanakan Sabtu ini jam 7 pagi.,Jadwal & Kegiatan,Tidak Berisiko
310,BCA resmi: Anda mendapat reward Rp39 juta. Tukarkan di bit.ly/verif-akun sebelum hangus.,Phishing,Berisiko
311,Notifikasi CIMB: Transaksi Rp50.000 terdeteksi dari lokasi asing. Batalkan di rb.gy/login-secure.,Phishing,Berisiko
312,Reset PIN BNI diminta. Kode keamanan Anda: 852947. Jangan berikan kepada siapapun.,Pencurian Akun,Berisiko
313,Sertifikat webinar kamu sudah jadi! Download di: drive.google.com/sertifikat-peserta,Informasi Umum,Tidak Berisiko
314,Info: Subsidi pupuk untuk petani kecil bisa diajukan ke kantor desa setempat.,Informasi Umum,Tidak Berisiko
315,Pembayaran premi asuransi Rp41.000 berhasil. Polis Anda aktif hingga 15 September 2024.,Transaksi Aman,Tidak Berisiko
316,Tim Bukalapak: Akun seller Anda dilaporkan fraud. Verifikasi identitas ke 081234567890 dalam 24 jam.,Social Engineering,Berisiko
317,"Pak RT, saya mau lapor kehilangan KTP. Bisa minta surat keterangan kehilangan?",Percakapan Biasa,Tidak Berisiko
318,Lagi hujan deras nih di sini. Kamu gimana?,Percakapan Biasa,Tidak Berisiko
319,Verifikasi transfer Rp13.000 dari BRI Anda. Kode OTP: 741836. Berlaku 3 menit.,Pencurian Akun,Berisiko
320,"Assalamualaikum, ini Pak Umar ketua masjid. Pengajian malam Jumat ditunda pekan depan.",Jadwal & Kegiatan,Tidak Berisiko
321,"Jadwal penerbangan: Bandung-Bali, 3 Januari 2025 pukul 07.30. Check-in 2 jam sebelumnya.",Jadwal & Kegiatan,Tidak Berisiko
322,"Kredit HP tanpa kartu kredit, tanpa DP, bunga 0%. Proses cepat, WA 087712345678.",Penipuan,Berisiko
323,Kantor imigrasi buka Sabtu untuk layanan paspor kilat. Daftar antrian online dulu.,Informasi Umum,Tidak Berisiko
324,Nanti malam ada acara gak? Kalau ada yuk nonton bareng.,Percakapan Biasa,Tidak Berisiko
325,Selamat! Nomor Anda terpilih program loyalitas Axis. Balas OTP yang dikirim ke CS kami di 0812-9999-1234.,Social Engineering,Berisiko
326,Survey online bayar Rp45.000 per jawaban. Daftar gratis di bit.ly/verif-akun.,Penipuan,Berisiko
327,Saya dari divisi hadiah Shopee. Anda menang grand prize. Kirim foto KTP + selfie ke 08813216543 untuk proses.,Social Engineering,Berisiko
328,Update wajib WhatsApp versi terbaru. Unduh APK resmi di rb.gy/update-bri sebelum akun Anda dinonaktifkan.,Malware,Berisiko
329,Ujian semester: 5 Desember 2024 pukul 09.00. Ruang ujian akan diumumkan H-1.,Jadwal & Kegiatan,Tidak Berisiko
330,Cicilan bulan ke-10 dari 12 sebesar Rp34.000 berhasil didebet otomatis.,Transaksi Aman,Tidak Berisiko
331,Sistem BSI mendeteksi perubahan data. Verifikasi di bit.ly/verif-akun dalam 1 jam atau akun dikunci.,Phishing,Berisiko
332,Kelas yoga online besok jam 07.00 via Zoom. Link dikirim terpisah.,Informasi Umum,Tidak Berisiko
333,Kamu mau ikut reuni angkatan bulan depan gak?,Percakapan Biasa,Tidak Berisiko
334,Ujian semester: 15 September 2024 pukul 09.00. Ruang ujian akan diumumkan H-1.,Jadwal & Kegiatan,Tidak Berisiko
335,E-wallet Anda berhasil diisi Rp25.000 via transfer bank. Saldo: Rp1900.000.,Transaksi Aman,Tidak Berisiko
336,"Seseorang meminta reset password akun Traveloka Anda. Masukkan kode 741836 untuk konfirmasi. Jika bukan Anda, abaikan.",Pencurian Akun,Berisiko
337,"Info arisan RT: Pertemuan bulan ini dipindah ke Sabtu, 25 November pukul 19.00.",Informasi Umum,Tidak Berisiko
338,Verifikasi transfer Rp14.000 dari Danamon Anda. Kode OTP: 418392. Berlaku 3 menit.,Pencurian Akun,Berisiko
339,Arisan online berhadiah motor. Modal Rp7.000/bulan. Join grup WA 0812-9999-1234.,Penipuan,Berisiko
340,"Bu/Pak, anak Anda mengalami kecelakaan. Segera transfer Rp21 juta ke BRI 1234567890 untuk biaya darurat.",Social Engineering,Berisiko
341,Notifikasi BRI: Transaksi Rp47.000 terdeteksi dari lokasi asing. Batalkan di t.ly/klaim-now.,Phishing,Berisiko
342,Pengingat: Bayar sewa kos bulan ini paling lambat tanggal 5. Terima kasih.,Jadwal & Kegiatan,Tidak Berisiko
343,Update aplikasi Go-Jek ke versi terbaru untuk fitur pelacakan lebih akurat.,Informasi Umum,Tidak Berisiko
344,Pesanan berhasil dibatalkan. Refund Rp22.000 akan masuk dalam 3-5 hari kerja.,Transaksi Aman,Tidak Berisiko
345,Pengingat: Deadline laporan keuangan Q3 adalah hari Jumat pukul 17.00.,Jadwal & Kegiatan,Tidak Berisiko
346,Layanan BCA Anda akan berakhir. Perpanjang sekarang di cutt.ly/cek-saldo agar tidak terputus.,Phishing,Berisiko
347,"Baju batik pesanan sudah jadi, bisa diambil kapan saja di toko.",Transaksi Aman,Tidak Berisiko
348,Login baru terdeteksi di akun Shopee Anda dari Semarang. Masukkan kode verifikasi 852947 untuk amankan.,Pencurian Akun,Berisiko
349,Permintaan ubah nomor HP akun Anda. Kode konfirmasi: 376429. Berlaku 5 menit. RAHASIAKAN.,Pencurian Akun,Berisiko
350,Foto/video kiriman dari kontak Anda. Unduh di shorturl.at/hadiah sebelum otomatis terhapus dalam 24 jam.,Malware,Berisiko
351,Pertemuan orang tua dan guru: Sabtu 20 November 2024 pukul 09.00 di aula sekolah.,Jadwal & Kegiatan,Tidak Berisiko
352,Hadiah ulang tahun CIMB untuk nasabah setia: Rp46 juta menanti di tinyurl.com/bca-verify.,Phishing,Berisiko
353,"Eh, tadi pas di alfamart ketemu Doni lho! Dia tanya-tanya kabar kamu.",Percakapan Biasa,Tidak Berisiko
354,File PDF tagihan BRI bulan ini sudah tersedia. Download di t.ly/klaim-now untuk detail transaksi.,Malware,Berisiko
355,"Halo, ini kurir Anteraja. Paket Rp25 COD Anda akan dikirim. Konfirmasi alamat via 0822-1111-9999.",Social Engineering,Berisiko
356,Pembayaran premi asuransi Rp41.000 berhasil. Polis Anda aktif hingga 3 Januari 2025.,Transaksi Aman,Tidak Berisiko
357,"Selamat, Anda terpilih sebagai pemenang undian Traveloka. Konfirmasi ke 08813216543 untuk klaim hadiah.",Social Engineering,Berisiko
358,Selamat! Nomor Anda terpilih program loyalitas Telkomsel. Balas OTP yang dikirim ke CS kami di 0812-9999-1234.,Social Engineering,Berisiko
359,Hadiah ulang tahun BCA untuk nasabah setia: Rp1 juta menanti di tinyurl.com/bca-verify.,Phishing,Berisiko
360,Pembayaran tagihan listrik Rp41.000 berhasil pada 10 Agustus 2024. No. referensi: TKT-99123.,Transaksi Aman,Tidak Berisiko
361,"Kamu tau nggak, harga bensin naik lagi katanya.",Percakapan Biasa,Tidak Berisiko
362,"Bisnis MLM legal profit 15% per bulan. Join sekarang, daftar ke 087712345678 modal Rp15.000.",Penipuan,Berisiko
363,Tim keamanan Danamon menemukan kebocoran data. Reset password di cutt.ly/cek-saldo segera.,Phishing,Berisiko
364,Donasi Rp2.000 Anda berhasil disalurkan. Terima kasih atas kepedulian Anda.,Transaksi Aman,Tidak Berisiko
365,Arisan online berhadiah motor. Modal Rp26.000/bulan. Join grup WA 0877-3333-5678.,Penipuan,Berisiko
366,"Seseorang meminta reset password akun Traveloka Anda. Masukkan kode 529471 untuk konfirmasi. Jika bukan Anda, abaikan.",Pencurian Akun,Berisiko
367,"Seseorang meminta reset password akun Lazada Anda. Masukkan kode 074152 untuk konfirmasi. Jika bukan Anda, abaikan.",Pencurian Akun,Berisiko
368,Anda memenangkan iPhone terbaru! Unduh form klaim di shorturl.at/hadiah dan isi data untuk pengiriman.,Malware,Berisiko
369,Info: Kantor Disdukcapil tutup tanggal 16-17 untuk diklat pegawai.,Informasi Umum,Tidak Berisiko
370,Investasi kripto profit 30% per bulan DIJAMIN. Modal awal Rp28.000. Info: 087712345678.,Penipuan,Berisiko
371,Unduh aplikasi penghasil uang resmi OVO. Klik shorturl.at/hadiah dan hasilkan Rp27.000 per hari dari HP.,Malware,Berisiko
372,Pembayaran premi asuransi Rp37.000 berhasil. Polis Anda aktif hingga 5 Desember 2024.,Transaksi Aman,Tidak Berisiko
373,E-banking BRI Anda terindikasi diretas. Amankan sekarang di t.ly/klaim-now sebelum terlambat.,Phishing,Berisiko
374,Aplikasi penghasil pulsa gratis 100% terpercaya. Unduh di shorturl.at/hadiah dan ajak teman untuk bonus.,Malware,Berisiko
375,Akun Mandiri Anda terdeteksi aktivitas mencurigakan. Verifikasi segera di tinyurl.com/bca-verify atau akun diblokir 24 jam.,Phishing,Berisiko
376,Info: Kantor tutup hari Senin karena perawatan sistem. Harap maklum.,Informasi Umum,Tidak Berisiko
377,Notifikasi: Tagihan kartu kredit BRI bulan ini Rp44.000. Jatuh tempo 15 September 2024.,Transaksi Aman,Tidak Berisiko
378,"Gas rumah sakit yuk, nengokin Pak Hendra yang baru operasi.",Percakapan Biasa,Tidak Berisiko
379,Pembayaran tagihan listrik Rp20.000 berhasil pada 3 Januari 2025. No. referensi: PO-99281.,Transaksi Aman,Tidak Berisiko
380,BCA: OTP kamu adalah 719423. Masukkan di halaman verifikasi untuk lanjutkan transaksi Rp15.000.000,Pencurian Akun,Berisiko
381,"Token listrik sudah saya bayarkan, ini kodenya: 7291-8374-1920-4857. Masukkan ke meteran ya",Transaksi Aman,Tidak Berisiko
382,Konfirmasi transaksi Danamon Rp50 juta ke rekening tidak dikenal. Tolak di tinyurl.com/bca-verify.,Phishing,Berisiko
383,E-banking BSI Anda terindikasi diretas. Amankan sekarang di rb.gy/update-bri sebelum terlambat.,Phishing,Berisiko
384,Pertemuan orang tua murid dijadwalkan Rabu depan jam 7 malam di aula sekolah.,Jadwal & Kegiatan,Tidak Berisiko
385,Tagihan PDAM bulan ini Rp30.000. Jatuh tempo: 10 Agustus 2024. Bayar tepat waktu.,Transaksi Aman,Tidak Berisiko
386,Pesanan #PO-99281 dikonfirmasi. Estimasi pengiriman 2-3 hari kerja ke alamat Anda.,Transaksi Aman,Tidak Berisiko
387,Selamat ulang tahun! Traveloka memberikan voucher Rp10 juta. Tukarkan ke CS 08813216543.,Social Engineering,Berisiko
388,Layanan Mandiri Anda akan berakhir. Perpanjang sekarang di ow.ly/cek-akun agar tidak terputus.,Phishing,Berisiko
389,Tagihan PDAM bulan ini Rp17.000. Jatuh tempo: 10 Agustus 2024. Bayar tepat waktu.,Transaksi Aman,Tidak Berisiko
390,Survey online bayar Rp35.000 per jawaban. Daftar gratis di tinyurl.com/bca-verify.,Penipuan,Berisiko
391,Notifikasi Mandiri: Transfer masuk Rp2.500.000 dari AHMAD FAUZI. Saldo Rp8.750.000.,Transaksi Aman,Tidak Berisiko
392,Pesanan berhasil dibatalkan. Refund Rp38.000 akan masuk dalam 3-5 hari kerja.,Transaksi Aman,Tidak Berisiko
393,BNI: Transaksi kartu debit Rp125.000 di Alfamart pada 12 Okt 2024. Bukan kamu? Hubungi 1500046.,Transaksi Aman,Tidak Berisiko
394,Transfer berhasil. Rp50.000 telah dikirim ke rekening BNI atas nama Maya.,Transaksi Aman,Tidak Berisiko
395,Saya dari divisi hadiah Dana. Anda menang grand prize. Kirim foto KTP + selfie ke 085612345678 untuk proses.,Social Engineering,Berisiko
396,E-banking Danamon Anda terindikasi diretas. Amankan sekarang di rb.gy/login-secure sebelum terlambat.,Phishing,Berisiko
397,Selamat! Wawancara kerja Anda dijadwalkan 5 Desember 2024 pukul 10.00 di kantor pusat.,Jadwal & Kegiatan,Tidak Berisiko
398,"Halo kak, ini admin marketplace. Ada masalah di pesanan Anda. Tolong hubungi WA 087712345678 sekarang.",Social Engineering,Berisiko
399,Joki tugas/skripsi profesional harga terjangkau. Nilai A dijamin. Hubungi 087712345678.,Penipuan,Berisiko
400,Jadwal servis AC Anda: 3 Januari 2025 pukul 10.00-12.00. Teknisi akan menghubungi.,Jadwal & Kegiatan,Tidak Berisiko
401,Selamat! Nomor Anda terpilih program loyalitas Axis. Balas OTP yang dikirim ke CS kami di 085612345678.,Social Engineering,Berisiko
402,"Bu/Pak, anak Anda mengalami kecelakaan. Segera transfer Rp43 juta ke DANA 082233445566 untuk biaya darurat.",Social Engineering,Berisiko
403,Part time online gaji Rp48.000/jam. Kerja 2-3 jam/hari. Daftar di bit.do/verifikasi.,Penipuan,Berisiko
404,Reminder: SIM Anda berakhir bulan depan. Segera perpanjang di Satpas terdekat.,Informasi Umum,Tidak Berisiko
405,Foto/video kiriman dari kontak Anda. Unduh di rb.gy/login-secure sebelum otomatis terhapus dalam 24 jam.,Malware,Berisiko
406,Update wajib WhatsApp versi terbaru. Unduh APK resmi di cutt.ly/cek-saldo sebelum akun Anda dinonaktifkan.,Malware,Berisiko
407,Info cuaca: Hujan lebat diprediksi sore hari di wilayah Medan dan sekitarnya.,Informasi Umum,Tidak Berisiko
408,Selamat! Wawancara kerja Anda dijadwalkan 1 Oktober 2024 pukul 10.00 di kantor pusat.,Jadwal & Kegiatan,Tidak Berisiko
409,BCA resmi: Anda mendapat reward Rp35 juta. Tukarkan di t.ly/klaim-now sebelum hangus.,Phishing,Berisiko
410,URGENT: Kartu ATM kamu akan diblokir dalam 2 jam. Konfirmasi data di: atm-verif.com,Phishing,Berisiko
411,Notifikasi: Tagihan kartu kredit BCA bulan ini Rp32.000. Jatuh tempo 1 Oktober 2024.,Transaksi Aman,Tidak Berisiko
412,Pakaian yang aku titipin kemarin sudah kamu ambil belum dari laundry?,Percakapan Biasa,Tidak Berisiko
413,"Kamu menang giveaway dari brand ternama! Untuk klaim hadiah, isi data di: claim-hadiah.site/form",Phishing,Berisiko
414,Pembelian tiket kereta Makassar-Jakarta berhasil. Kode booking: INV-20240831. Berangkat 20 November 2024.,Transaksi Aman,Tidak Berisiko
415,Tagihan PDAM bulan ini Rp15.000. Jatuh tempo: 3 Januari 2025. Bayar tepat waktu.,Transaksi Aman,Tidak Berisiko
416,Cicilan bulan ke-4 dari 12 sebesar Rp15.000 berhasil didebet otomatis.,Transaksi Aman,Tidak Berisiko
417,Top up GoPay Rp24.000 berhasil. Saldo GoPay Anda: Rp100.000.,Transaksi Aman,Tidak Berisiko
418,E-banking BCA Anda terindikasi diretas. Amankan sekarang di bit.ly/verif-akun sebelum terlambat.,Phishing,Berisiko
419,Jual rumah subsidi DP 0% di Palembang. Harga Rp2 juta all-in. Hubungi 08813216543 sekarang.,Penipuan,Berisiko
420,Kode verifikasi Gojek kamu: 849302. Ini untuk login di perangkat baru yang kamu minta.,Transaksi Aman,Tidak Berisiko
421,Pulangnya bareng gak? Sekalian mampir beli makan malam.,Percakapan Biasa,Tidak Berisiko
422,"Gue lagi nonton drakor baru, bagus banget ceritanya!",Percakapan Biasa,Tidak Berisiko
423,Notifikasi BNI: Transaksi Rp16.000 terdeteksi dari lokasi asing. Batalkan di shorturl.at/hadiah.,Phishing,Berisiko
424,Aplikasi penghasil pulsa gratis 100% terpercaya. Unduh di tinyurl.com/bca-verify dan ajak teman untuk bonus.,Malware,Berisiko
425,Struk belanja: Total Rp50.000. Terima kasih sudah berbelanja di Dana.,Transaksi Aman,Tidak Berisiko
426,Penerimaan CPNS dibuka bulan depan. Info lengkap di portal resmi BKN.,Informasi Umum,Tidak Berisiko
427,Akun Lazada Anda login dari perangkat baru. Masukkan 074152 untuk izinkan atau tolak akses.,Pencurian Akun,Berisiko
428,"Hai kak, saya dari CS Shopee resmi. Pesanan kamu gagal dikirim. Bisa konfirmasi alamat lewat aplikasi?",Informasi Umum,Tidak Berisiko
429,Saya dari divisi hadiah OVO. Anda menang grand prize. Kirim foto KTP + selfie ke 08813216543 untuk proses.,Social Engineering,Berisiko
430,Tagihan PDAM bulan ini Rp24.000. Jatuh tempo: 5 Desember 2024. Bayar tepat waktu.,Transaksi Aman,Tidak Berisiko
431,Donasi Rp44.000 Anda berhasil disalurkan. Terima kasih atas kepedulian Anda.,Transaksi Aman,Tidak Berisiko
432,Pengumuman: Listrik padam bergilir Selasa pukul 08.00-12.00 di wilayah Balikpapan.,Informasi Umum,Tidak Berisiko
433,Unduh aplikasi Lazada mod premium gratis. Nikmati semua fitur tanpa bayar di rb.gy/login-secure.,Malware,Berisiko
434,"Halo kak, saya dari Pos Indonesia. Paket Anda tertahan bea cukai. Bayar Rp24.000 ke DANA 082233445566 untuk dilepas.",Social Engineering,Berisiko
435,Selamat! Wawancara kerja Anda dijadwalkan 10 Agustus 2024 pukul 10.00 di kantor pusat.,Jadwal & Kegiatan,Tidak Berisiko
436,Bukti transfer Rp11 juta dari Danamon. Cek lampiran di bit.do/verifikasi segera.,Malware,Berisiko
437,Reset PIN Danamon diminta. Kode keamanan Anda: 183742. Jangan berikan kepada siapapun.,Pencurian Akun,Berisiko
438,File PDF tagihan Mandiri bulan ini sudah tersedia. Download di bit.ly/verif-akun untuk detail transaksi.,Malware,Berisiko
439,Part time online gaji Rp39.000/jam. Kerja 2-3 jam/hari. Daftar di cutt.ly/cek-saldo.,Penipuan,Berisiko
440,"Halo, ini kurir J&T. Paket Rp24 COD Anda akan dikirim. Konfirmasi alamat via 081234567890.",Social Engineering,Berisiko
441,Akun BRI Anda akan dinonaktifkan. Update data KYC sekarang di cutt.ly/cek-saldo sebelum batas waktu.,Phishing,Berisiko
442,Ada yang mencoba masuk ke akun Bukalapak Anda. Verifikasi dengan kode 963041 atau akun akan dikunci.,Pencurian Akun,Berisiko
443,Konfirmasi transaksi BCA Rp38 juta ke rekening tidak dikenal. Tolak di s.id/klaim-hadiah.,Phishing,Berisiko
444,Eh ada yang hilang di meja gue. Kamu tau gak?,Percakapan Biasa,Tidak Berisiko
445,Update wajib WhatsApp versi terbaru. Unduh APK resmi di s.id/klaim-hadiah sebelum akun Anda dinonaktifkan.,Malware,Berisiko
446,"Bisnis MLM legal profit 30% per bulan. Join sekarang, daftar ke 085612345678 modal Rp34.000.",Penipuan,Berisiko
447,"Eh, kamu udah nonton film Dune 2? Bagus gak?",Percakapan Biasa,Tidak Berisiko
448,Ini Tim Bukalapak. Toko Anda melanggar kebijakan. Hubungi 081234567890 dalam 2 jam atau akun ditutup permanen.,Social Engineering,Berisiko
449,Hasil lab kamu sudah keluar. Bisa diambil di klinik atau minta dikirim via WhatsApp?,Informasi Umum,Tidak Berisiko
450,Kunjungan ke panti asuhan dijadwal ulang ke Minggu depan karena cuaca.,Jadwal & Kegiatan,Tidak Berisiko
451,LOWONGAN: Admin online kerja dari rumah gaji Rp6 juta/bulan. WA 0822-1111-9999 langsung diterima.,Penipuan,Berisiko
452,"Halo, saya Mas Dedi dari BRI. Kartu Anda akan diblokir. Berikan 16 digit nomor kartu untuk verifikasi.",Social Engineering,Berisiko
453,Unduh aplikasi penghasil uang resmi Dana. Klik ow.ly/cek-akun dan hasilkan Rp10.000 per hari dari HP.,Malware,Berisiko
454,Pembayaran tagihan listrik Rp16.000 berhasil pada 10 Agustus 2024. No. referensi: REF2024-555.,Transaksi Aman,Tidak Berisiko
455,"Halo, saya Mas Dedi dari Mandiri. Kartu Anda akan diblokir. Berikan 16 digit nomor kartu untuk verifikasi.",Social Engineering,Berisiko
456,Kode aktivasi ulang akun BNI Anda: 741836. Berlaku 10 menit. Jangan bagikan ke siapapun.,Pencurian Akun,Berisiko
457,E-banking Mandiri Anda terindikasi diretas. Amankan sekarang di bit.do/verifikasi sebelum terlambat.,Phishing,Berisiko
458,Mohon bantuan kak. Saldo GoPay saya salah transfer ke nomor Anda Rp14.000. Tolong kembalikan ke OVO 081234567890.,Social Engineering,Berisiko
459,Login baru terdeteksi di akun Bukalapak Anda dari Surabaya. Masukkan kode verifikasi 294815 untuk amankan.,Pencurian Akun,Berisiko
460,Selamat! Wawancara kerja Anda dijadwalkan 20 November 2024 pukul 10.00 di kantor pusat.,Jadwal & Kegiatan,Tidak Berisiko
461,Berita: Harga BBM resmi naik mulai hari ini sesuai pengumuman pemerintah.,Informasi Umum,Tidak Berisiko
462,Pertemuan orang tua dan guru: Sabtu 5 Desember 2024 pukul 09.00 di aula sekolah.,Jadwal & Kegiatan,Tidak Berisiko
463,Saya dari divisi hadiah Grab. Anda menang grand prize. Kirim foto KTP + selfie ke 087712345678 untuk proses.,Social Engineering,Berisiko
464,"Info arisan RT: Pertemuan bulan ini dipindah ke Sabtu, 25 Januari pukul 19.00.",Informasi Umum,Tidak Berisiko
465,Permintaan penarikan Rp7 juta dari dompet Tokopedia Anda. Konfirmasi dengan OTP: 376429.,Pencurian Akun,Berisiko
466,Tim keamanan BSI menemukan kebocoran data. Reset password di shorturl.at/hadiah segera.,Phishing,Berisiko
467,"Hei, kamu lagi di mana? Mau ketemuan gak nanti sore?",Percakapan Biasa,Tidak Berisiko
468,Pembayaran premi asuransi Rp11.000 berhasil. Polis Anda aktif hingga 20 November 2024.,Transaksi Aman,Tidak Berisiko
469,Permintaan penarikan Rp9 juta dari dompet Shopee Anda. Konfirmasi dengan OTP: 852947.,Pencurian Akun,Berisiko
470,Pengumuman: Listrik padam bergilir Selasa pukul 08.00-12.00 di wilayah Semarang.,Informasi Umum,Tidak Berisiko
471,"Selamat, Anda terpilih sebagai pemenang undian Grab. Konfirmasi ke 081234567890 untuk klaim hadiah.",Social Engineering,Berisiko
472,"Halo kak, ini admin marketplace. Ada masalah di pesanan Anda. Tolong hubungi WA 0822-1111-9999 sekarang.",Social Engineering,Berisiko
473,Pembelian tiket kereta Balikpapan-Jakarta berhasil. Kode booking: TX-44812. Berangkat 3 Januari 2025.,Transaksi Aman,Tidak Berisiko
474,Permintaan penarikan Rp42 juta dari dompet OVO Anda. Konfirmasi dengan OTP: 418392.,Pencurian Akun,Berisiko
475,Obat pelangsing herbal turun 26 kg dalam seminggu. Terbukti! Order ke 0877-3333-5678.,Penipuan,Berisiko
476,"Hai, nanti sore jadi main futsal? Lapangan udah di-book jam 4.",Percakapan Biasa,Tidak Berisiko
477,"Halo, saya Bapak Surya dari Mandiri. Kartu Anda akan diblokir. Berikan 16 digit nomor kartu untuk verifikasi.",Social Engineering,Berisiko
478,Reminder: Janji dokter besok jam 10.00 di Klinik Lazada. Jangan lupa bawa KTP.,Jadwal & Kegiatan,Tidak Berisiko
479,Investasi kripto profit 50% per bulan DIJAMIN. Modal awal Rp8.000. Info: 082233445566.,Penipuan,Berisiko
480,LOWONGAN: Admin online kerja dari rumah gaji Rp43 juta/bulan. WA 0822-1111-9999 langsung diterima.,Penipuan,Berisiko
481,Permintaan penarikan Rp40 juta dari dompet Blibli Anda. Konfirmasi dengan OTP: 294815.,Pencurian Akun,Berisiko
482,Akun Bukalapak Anda login dari perangkat baru. Masukkan 294815 untuk izinkan atau tolak akses.,Pencurian Akun,Berisiko
483,File PDF tagihan Permata bulan ini sudah tersedia. Download di shorturl.at/hadiah untuk detail transaksi.,Malware,Berisiko
484,Akun BTN Anda akan dinonaktifkan. Update data KYC sekarang di cutt.ly/cek-saldo sebelum batas waktu.,Phishing,Berisiko
485,"Eh, ada konser di GBK bulan depan! Mau ikut gak?",Percakapan Biasa,Tidak Berisiko
486,Pesanan #INV-20240831 dikonfirmasi. Estimasi pengiriman 2-3 hari kerja ke alamat Anda.,Transaksi Aman,Tidak Berisiko
487,"Semangat ya ujiannya! Pasti bisa, udah belajar keras kok.",Percakapan Biasa,Tidak Berisiko
488,Tiket konser sudah berhasil dibeli. Silakan tunjukkan e-ticket ini di pintu masuk.,Transaksi Aman,Tidak Berisiko
489,Reminder: Janji dokter besok jam 10.00 di Klinik OVO. Jangan lupa bawa KTP.,Jadwal & Kegiatan,Tidak Berisiko
490,Kode OTP Anda adalah 376429. JANGAN berikan kepada siapapun termasuk pihak Danamon.,Pencurian Akun,Berisiko
491,Ini kurir Anteraja. Paket kamu sudah 3 hari tidak diambil. Konfirmasi ulang alamat di: antr-id.com,Phishing,Berisiko
492,Pesanan berhasil dibatalkan. Refund Rp11.000 akan masuk dalam 3-5 hari kerja.,Transaksi Aman,Tidak Berisiko
493,Ujian semester: 20 November 2024 pukul 09.00. Ruang ujian akan diumumkan H-1.,Jadwal & Kegiatan,Tidak Berisiko
494,"Konfirmasi reservasi hotel kamu: Check-in 20 Nov, Check-out 22 Nov. Total Rp890.000.",Transaksi Aman,Tidak Berisiko
495,Tim keamanan Permata menemukan kebocoran data. Reset password di cutt.ly/cek-saldo segera.,Phishing,Berisiko
496,Joki tugas/skripsi profesional harga terjangkau. Nilai A dijamin. Hubungi 0812-9999-1234.,Penipuan,Berisiko
497,Akun BCA Anda akan dinonaktifkan. Update data KYC sekarang di ow.ly/cek-akun sebelum batas waktu.,Phishing,Berisiko
498,Cicilan HP kamu Rp450.000/bulan sudah berhasil terpotong otomatis dari rekening.,Transaksi Aman,Tidak Berisiko
499,Himbauan Kemenkes: Hindari konsumsi jajanan tidak higienis selama musim hujan.,Informasi Umum,Tidak Berisiko
500,E-wallet Anda berhasil diisi Rp36.000 via transfer bank. Saldo: Rp1900.000.,Transaksi Aman,Tidak Berisiko
501,Tagihan PDAM bulan ini Rp32.000. Jatuh tempo: 1 Oktober 2024. Bayar tepat waktu.,Transaksi Aman,Tidak Berisiko
502,Selamat ulang tahun! Semoga sehat selalu dan makin sukses ya.,Percakapan Biasa,Tidak Berisiko
503,Titip kopi satu ya kalau mampir. Makasih sebelumnya.,Percakapan Biasa,Tidak Berisiko
504,"Maaf terlambat bales, tadi hp-ku mati kehabisan baterai.",Percakapan Biasa,Tidak Berisiko
505,Permintaan penarikan Rp15 juta dari dompet Tokopedia Anda. Konfirmasi dengan OTP: 634829.,Pencurian Akun,Berisiko
506,Cicilan bulan ke-8 dari 12 sebesar Rp7.000 berhasil didebet otomatis.,Transaksi Aman,Tidak Berisiko
507,"Selamat, Anda terpilih sebagai pemenang undian Bukalapak. Konfirmasi ke 08813216543 untuk klaim hadiah.",Social Engineering,Berisiko
508,Transfer berhasil. Rp10.000 telah dikirim ke rekening BNI atas nama Doni.,Transaksi Aman,Tidak Berisiko
509,"Hai, kamu masih punya hutang bulan lalu kan? Teman saya minta ditagih. Bisa transfer sekarang?",Social Engineering,Berisiko
510,"Jadwal penerbangan: Bandung-Bali, 20 November 2024 pukul 07.30. Check-in 2 jam sebelumnya.",Jadwal & Kegiatan,Tidak Berisiko
511,Jual akun Lazada seller terpercaya rating bintang 5. Harga Rp21.000. WA 082233445566.,Penipuan,Berisiko
512,Jual rumah subsidi DP 0% di Jakarta. Harga Rp23 juta all-in. Hubungi 0822-1111-9999 sekarang.,Penipuan,Berisiko
513,Cicilan bulan ke-11 dari 12 sebesar Rp12.000 berhasil didebet otomatis.,Transaksi Aman,Tidak Berisiko
514,Tim Bukalapak: Akun seller Anda dilaporkan fraud. Verifikasi identitas ke 082233445566 dalam 24 jam.,Social Engineering,Berisiko
515,Kerjaan hari ini banyak gak? Gue lagi lumayan santai nih.,Percakapan Biasa,Tidak Berisiko
516,Pembayaran premi asuransi Rp5.000 berhasil. Polis Anda aktif hingga 3 Januari 2025.,Transaksi Aman,Tidak Berisiko
517,Pembayaran premi asuransi Rp27.000 berhasil. Polis Anda aktif hingga 5 Desember 2024.,Transaksi Aman,Tidak Berisiko
518,Verifikasi transfer Rp47.000 dari CIMB Anda. Kode OTP: 852947. Berlaku 3 menit.,Pencurian Akun,Berisiko
519,"Pelatihan K3 wajib untuk semua karyawan, dijadwalkan Jumat 08.00-17.00.",Jadwal & Kegiatan,Tidak Berisiko
520,Selamat! Nomor Anda terpilih program loyalitas Indosat. Balas OTP yang dikirim ke CS kami di 08813216543.,Social Engineering,Berisiko
521,Layanan BTN Anda akan berakhir. Perpanjang sekarang di cutt.ly/cek-saldo agar tidak terputus.,Phishing,Berisiko
522,Struk belanja: Total Rp40.000. Terima kasih sudah berbelanja di Grab.,Transaksi Aman,Tidak Berisiko
523,Pesanan kamu sudah sampai di loker Shopee terdekat. Ambil sebelum 3 hari.,Transaksi Aman,Tidak Berisiko
524,Unduh file PDF penting ini untuk update informasi akun kamu: update-akun.xyz/doc.pdf,Phishing,Berisiko
525,Ada yang mencoba masuk ke akun Lazada Anda. Verifikasi dengan kode 852947 atau akun akan dikunci.,Pencurian Akun,Berisiko
526,Hadiah ulang tahun BTN untuk nasabah setia: Rp22 juta menanti di t.ly/klaim-now.,Phishing,Berisiko
527,Info cuaca: Potensi hujan lebat disertai petir sore hingga malam di Jawa Barat.,Informasi Umum,Tidak Berisiko
528,Pemberitahuan darurat CIMB: Saldo Rp23 juta akan dipotong. Batalkan di t.ly/klaim-now.,Phishing,Berisiko
529,Top up GoPay Rp28.000 berhasil. Saldo GoPay Anda: Rp1700.000.,Transaksi Aman,Tidak Berisiko
530,Tagihan PDAM bulan ini Rp7.000. Jatuh tempo: 1 Oktober 2024. Bayar tepat waktu.,Transaksi Aman,Tidak Berisiko
531,Pengingat: Deadline laporan keuangan Q9 adalah hari Jumat pukul 17.00.,Jadwal & Kegiatan,Tidak Berisiko
532,"Mas, tiket kereta Gambir-Surabaya sudah saya booking. Kode booking: XYZ123.",Transaksi Aman,Tidak Berisiko
533,Konfirmasi transaksi BCA Rp22 juta ke rekening tidak dikenal. Tolak di ow.ly/cek-akun.,Phishing,Berisiko
534,Reminder: Pembayaran SPP bulan ini paling lambat tanggal 10.,Informasi Umum,Tidak Berisiko
535,"Makasih udah temani tadi malam, seneng banget ngobrolnya.",Percakapan Biasa,Tidak Berisiko
536,Pesanan berhasil dibatalkan. Refund Rp45.000 akan masuk dalam 3-5 hari kerja.,Transaksi Aman,Tidak Berisiko
537,Struk belanja: Total Rp37.000. Terima kasih sudah berbelanja di Grab.,Transaksi Aman,Tidak Berisiko
538,Struk belanja: Total Rp49.000. Terima kasih sudah berbelanja di Dana.,Transaksi Aman,Tidak Berisiko
539,Meeting project dipindah ke Kamis ya karena Pak Budi ada acara.,Jadwal & Kegiatan,Tidak Berisiko
540,"Seseorang meminta reset password akun Tokopedia Anda. Masukkan kode 963041 untuk konfirmasi. Jika bukan Anda, abaikan.",Pencurian Akun,Berisiko
541,Top up GoPay Rp46.000 berhasil. Saldo GoPay Anda: Rp1400.000.,Transaksi Aman,Tidak Berisiko
542,Hadiah ulang tahun BSI untuk nasabah setia: Rp15 juta menanti di bit.ly/verif-akun.,Phishing,Berisiko
543,"Training karyawan baru: Senin-Rabu minggu depan, pukul 08.00-16.00 di kantor.",Jadwal & Kegiatan,Tidak Berisiko
544,Kamu diundang ke acara pernikahan Agus & Fitri pada 15 September 2024 pukul 10.00 WIB.,Jadwal & Kegiatan,Tidak Berisiko
545,"Sepeda motor gue mogok di jalan, lagi nunggu bengkel datang nih.",Percakapan Biasa,Tidak Berisiko
546,Notifikasi BTN: Transaksi Rp46.000 terdeteksi dari lokasi asing. Batalkan di ow.ly/cek-akun.,Phishing,Berisiko
547,LOWONGAN: Admin online kerja dari rumah gaji Rp44 juta/bulan. WA 0812-9999-1234 langsung diterima.,Penipuan,Berisiko
548,Pembayaran premi asuransi Rp8.000 berhasil. Polis Anda aktif hingga 15 September 2024.,Transaksi Aman,Tidak Berisiko
549,"Halo, ini kurir Ninja Express. Paket Rp19 COD Anda akan dikirim. Konfirmasi alamat via 0812-9999-1234.",Social Engineering,Berisiko
550,Info penting: Akun WhatsApp kamu mungkin bisa diretas kalau klik link sembarangan. Stay safe!,Informasi Umum,Tidak Berisiko
551,Pembayaran tagihan listrik Rp40.000 berhasil pada 5 Desember 2024. No. referensi: INV-20240831.,Transaksi Aman,Tidak Berisiko
552,Akun BCA Anda akan dinonaktifkan. Update data KYC sekarang di s.id/klaim-hadiah sebelum batas waktu.,Phishing,Berisiko
553,Notifikasi BNI: Transaksi Rp35.000 terdeteksi dari lokasi asing. Batalkan di bit.ly/verif-akun.,Phishing,Berisiko
554,E-banking Mandiri Anda terindikasi diretas. Amankan sekarang di cutt.ly/cek-saldo sebelum terlambat.,Phishing,Berisiko
555,Pengiriman barang COD hari ini. Siapkan uang Rp85.000 untuk pembayaran ya.,Transaksi Aman,Tidak Berisiko
556,Notifikasi: Tagihan kartu kredit BNI bulan ini Rp11.000. Jatuh tempo 20 November 2024.,Transaksi Aman,Tidak Berisiko
557,"Halo, ini kurir Ninja Express. Paket Rp5 COD Anda akan dikirim. Konfirmasi alamat via 087712345678.",Social Engineering,Berisiko
558,Reminder: Janji dokter besok jam 10.00 di Klinik Dana. Jangan lupa bawa KTP.,Jadwal & Kegiatan,Tidak Berisiko
559,Besok jadi ikut camping? Gue udah siap tenda nih!,Percakapan Biasa,Tidak Berisiko
560,Saya dari divisi hadiah Blibli. Anda menang grand prize. Kirim foto KTP + selfie ke 087712345678 untuk proses.,Social Engineering,Berisiko
561,Donasi Rp1.000 Anda berhasil disalurkan. Terima kasih atas kepedulian Anda.,Transaksi Aman,Tidak Berisiko
562,Pemberitahuan darurat Danamon: Saldo Rp29 juta akan dipotong. Batalkan di t.ly/klaim-now.,Phishing,Berisiko
563,Top up saldo kartu pelajar Rp100.000 berhasil. Saldo sekarang Rp175.000.,Transaksi Aman,Tidak Berisiko
564,Login baru terdeteksi di akun Gojek Anda dari Bandung. Masukkan kode verifikasi 852947 untuk amankan.,Pencurian Akun,Berisiko
565,Jual followers Instagram 22K hanya Rp900.000. Permanen dan aktif. WA 081234567890.,Penipuan,Berisiko
566,Pembayaran premi asuransi Rp10.000 berhasil. Polis Anda aktif hingga 3 Januari 2025.,Transaksi Aman,Tidak Berisiko
567,Pembayaran tagihan listrik Rp15.000 berhasil pada 5 Desember 2024. No. referensi: INV-20240831.,Transaksi Aman,Tidak Berisiko
568,Pembelian tiket kereta Pematangsiantar-Jakarta berhasil. Kode booking: BOK-77412. Berangkat 3 Januari 2025.,Transaksi Aman,Tidak Berisiko
569,Layanan BTN Anda akan berakhir. Perpanjang sekarang di ow.ly/cek-akun agar tidak terputus.,Phishing,Berisiko
570,Selamat! Nomor Anda terpilih program loyalitas Indosat. Balas OTP yang dikirim ke CS kami di 087712345678.,Social Engineering,Berisiko
571,"Info seminar gratis online tentang kewirausahaan, Sabtu pukul 10.00 WIB.",Informasi Umum,Tidak Berisiko
572,Ada yang mencoba masuk ke akun Tokopedia Anda. Verifikasi dengan kode 741836 atau akun akan dikunci.,Pencurian Akun,Berisiko
573,Pembayaran tagihan listrik Rp13.000 berhasil pada 20 November 2024. No. referensi: TRX2024001.,Transaksi Aman,Tidak Berisiko
574,"Pembukaan kantor cabang baru hari Senin jam 9 pagi, ada acara sederhana.",Jadwal & Kegiatan,Tidak Berisiko
575,Unduh aplikasi JKN Mobile di Play Store untuk cek antrean BPJS kamu,Informasi Umum,Tidak Berisiko
576,Wah selamat ya dapet kerja baru! Kapan traktirnya?,Percakapan Biasa,Tidak Berisiko
577,Jual rumah subsidi DP 0% di Pematangsiantar. Harga Rp37 juta all-in. Hubungi 08813216543 sekarang.,Penipuan,Berisiko
578,Bukti transfer Rp19 juta dari Danamon. Cek lampiran di t.ly/klaim-now segera.,Malware,Berisiko
579,Film yang kemarin kamu rekomendasiin bagus banget! Makasih ya.,Percakapan Biasa,Tidak Berisiko
580,Top up GoPay Rp28.000 berhasil. Saldo GoPay Anda: Rp500.000.,Transaksi Aman,Tidak Berisiko
581,"Halo, ini link materi kuliah algoritma minggu ini: bit.ly/materi-algo2024. Selamat belajar!",Informasi Umum,Tidak Berisiko
582,CIMB resmi: Anda mendapat reward Rp5 juta. Tukarkan di rb.gy/login-secure sebelum hangus.,Phishing,Berisiko
583,Update: Jalan Medan ditutup sementara untuk perbaikan hingga akhir minggu.,Informasi Umum,Tidak Berisiko
584,Jual rumah subsidi DP 0% di Makassar. Harga Rp29 juta all-in. Hubungi 087712345678 sekarang.,Penipuan,Berisiko
585,Permintaan penarikan Rp41 juta dari dompet Shopee Anda. Konfirmasi dengan OTP: 634829.,Pencurian Akun,Berisiko
586,Investasi kripto profit 15% per bulan DIJAMIN. Modal awal Rp27.000. Info: 081234567890.,Penipuan,Berisiko
587,"Jadwal penerbangan: Medan-Bali, 3 Januari 2025 pukul 07.30. Check-in 2 jam sebelumnya.",Jadwal & Kegiatan,Tidak Berisiko
588,Jual followers Instagram 44K hanya Rp1000.000. Permanen dan aktif. WA 0822-1111-9999.,Penipuan,Berisiko
589,Pengumuman: Listrik padam bergilir Selasa pukul 08.00-12.00 di wilayah Surabaya.,Informasi Umum,Tidak Berisiko
590,"Halo, saya Bu Sinta dari CIMB. Kartu Anda akan diblokir. Berikan 16 digit nomor kartu untuk verifikasi.",Social Engineering,Berisiko
591,Unduh aplikasi Bukalapak mod premium gratis. Nikmati semua fitur tanpa bayar di rb.gy/login-secure.,Malware,Berisiko
592,Game terbaru sudah tersedia! Unduh APK di t.ly/klaim-now dan dapatkan diamond gratis unlimited.,Malware,Berisiko
593,Saldo tabungan Permata Anda: Rp4 juta. Per tanggal 1 Oktober 2024.,Transaksi Aman,Tidak Berisiko
594,Pemberitahuan darurat BCA: Saldo Rp23 juta akan dipotong. Batalkan di s.id/klaim-hadiah.,Phishing,Berisiko
595,Investasi kripto profit 30% per bulan DIJAMIN. Modal awal Rp10.000. Info: 085612345678.,Penipuan,Berisiko
596,"Bu/Pak, anak Anda mengalami kecelakaan. Segera transfer Rp41 juta ke OVO 081234567890 untuk biaya darurat.",Social Engineering,Berisiko
597,Selamat pagi Pak! Saya kirim file tugas lewat drive ya: drive.google.com/tugas-akhir,Informasi Umum,Tidak Berisiko
598,Tim Bukalapak: Akun seller Anda dilaporkan fraud. Verifikasi identitas ke 08813216543 dalam 24 jam.,Social Engineering,Berisiko
599,"Aku mau beli laptop second, kamu tau toko yang terpercaya gak di sini?",Percakapan Biasa,Tidak Berisiko
600,Pengumuman: Ujian TOEFL Institut bulan depan pendaftaran dibuka hari ini.,Informasi Umum,Tidak Berisiko
601,Verifikasi transfer Rp26.000 dari CIMB Anda. Kode OTP: 741836. Berlaku 3 menit.,Pencurian Akun,Berisiko
602,"Teman-teman, ini link absensi online untuk hari ini: forms.gle/absensi-kelas-B",Jadwal & Kegiatan,Tidak Berisiko
603,Pesanan berhasil dibatalkan. Refund Rp10.000 akan masuk dalam 3-5 hari kerja.,Transaksi Aman,Tidak Berisiko
604,"Hei, udah makan belum? Gue lagi di warteg deket kantor nih.",Percakapan Biasa,Tidak Berisiko
605,Saldo tabungan Mandiri Anda: Rp9 juta. Per tanggal 10 Agustus 2024.,Transaksi Aman,Tidak Berisiko
606,Selamat! Kartu kredit BTN Anda memenangkan cashback Rp46 juta. Klik s.id/klaim-hadiah untuk klaim.,Phishing,Berisiko
607,"Wah ternyata harga tiket pesawat udah turun, lumayan buat mudik!",Percakapan Biasa,Tidak Berisiko
608,Saldo GoPay kamu sudah ditransfer Rp50.000 untuk patungan makan siang.,Transaksi Aman,Tidak Berisiko
609,Saldo tabungan BRI Anda: Rp29 juta. Per tanggal 5 Desember 2024.,Transaksi Aman,Tidak Berisiko
610,Jadwal posyandu bulan ini: Senin 11 November jam 8-11 pagi di balai RW.,Jadwal & Kegiatan,Tidak Berisiko
611,Reset PIN Permata diminta. Kode keamanan Anda: 418392. Jangan berikan kepada siapapun.,Pencurian Akun,Berisiko
612,Besok jadi berangkat gak? Gue tunggu di stasiun jam 7 ya.,Percakapan Biasa,Tidak Berisiko
613,Tagihan PDAM bulan ini Rp26.000. Jatuh tempo: 20 November 2024. Bayar tepat waktu.,Transaksi Aman,Tidak Berisiko
614,Jual rumah subsidi DP 0% di Semarang. Harga Rp41 juta all-in. Hubungi 085612345678 sekarang.,Penipuan,Berisiko
615,Notifikasi: Tagihan kartu kredit BTN bulan ini Rp32.000. Jatuh tempo 20 November 2024.,Transaksi Aman,Tidak Berisiko
616,Transfer patungan kado untuk Reza sudah masuk ya. Makasih!,Transaksi Aman,Tidak Berisiko
617,Top up saldo e-toll Rp41.000 berhasil. Saldo e-toll: Rp1600.000.,Transaksi Aman,Tidak Berisiko
618,Bukti transfer Rp25 juta dari BTN. Cek lampiran di bit.ly/verif-akun segera.,Malware,Berisiko
619,Selamat! Kartu kredit virtual kamu sudah aktif dengan limit Rp10 juta. Aktifkan di: vcc-aktif.com,Phishing,Berisiko
620,Jadwal servis AC Anda: 5 Desember 2024 pukul 10.00-12.00. Teknisi akan menghubungi.,Jadwal & Kegiatan,Tidak Berisiko
621,"Jadwal penerbangan: Semarang-Bali, 15 September 2024 pukul 07.30. Check-in 2 jam sebelumnya.",Jadwal & Kegiatan,Tidak Berisiko
622,Part time online gaji Rp47.000/jam. Kerja 2-3 jam/hari. Daftar di rb.gy/login-secure.,Penipuan,Berisiko
623,"Halo kak, saya dari Ninja Express. Paket Anda tertahan bea cukai. Bayar Rp9.000 ke BRI 1234567890 untuk dilepas.",Social Engineering,Berisiko
624,Reminder: Janji dokter besok jam 10.00 di Klinik Shopee. Jangan lupa bawa KTP.,Jadwal & Kegiatan,Tidak Berisiko
625,Notifikasi Mandiri: Transaksi Rp36.000 terdeteksi dari lokasi asing. Batalkan di bit.ly/verif-akun.,Phishing,Berisiko
626,Pengumuman beasiswa Dikti dibuka sampai 30 November. Segera lengkapi berkasnya.,Informasi Umum,Tidak Berisiko
627,Notifikasi: Tagihan kartu kredit BRI bulan ini Rp11.000. Jatuh tempo 1 Oktober 2024.,Transaksi Aman,Tidak Berisiko
628,Anda menang undian Lazada Rp5.000.000! Klaim hadiah sebelum 24 jam: lazada-undian.com/klaim,Phishing,Berisiko
629,Obat pelangsing herbal turun 37 kg dalam seminggu. Terbukti! Order ke 081234567890.,Penipuan,Berisiko
630,Pesanan berhasil dibatalkan. Refund Rp5.000 akan masuk dalam 3-5 hari kerja.,Transaksi Aman,Tidak Berisiko
631,Saya dari divisi hadiah Shopee. Anda menang grand prize. Kirim foto KTP + selfie ke 082233445566 untuk proses.,Social Engineering,Berisiko
632,Reset PIN Mandiri diminta. Kode keamanan Anda: 294815. Jangan berikan kepada siapapun.,Pencurian Akun,Berisiko
633,"Halo, saya Mbak Tika dari BNI. Kartu Anda akan diblokir. Berikan 16 digit nomor kartu untuk verifikasi.",Social Engineering,Berisiko
634,Akun Shopee Anda login dari perangkat baru. Masukkan 634829 untuk izinkan atau tolak akses.,Pencurian Akun,Berisiko
635,Reminder: Perpanjangan SIM bisa dilakukan H-14 sebelum tanggal kedaluwarsa.,Informasi Umum,Tidak Berisiko
636,Pembelian tiket kereta Semarang-Jakarta berhasil. Kode booking: ORD-88291. Berangkat 3 Januari 2025.,Transaksi Aman,Tidak Berisiko
637,Pengajian akbar dalam rangka Maulid Nabi akan diadakan Sabtu malam di lapangan.,Jadwal & Kegiatan,Tidak Berisiko
638,Unduh aplikasi Blibli mod premium gratis. Nikmati semua fitur tanpa bayar di tinyurl.com/bca-verify.,Malware,Berisiko
639,Pengingat: Deadline laporan keuangan Q5 adalah hari Jumat pukul 17.00.,Jadwal & Kegiatan,Tidak Berisiko
640,Pembayaran tagihan listrik Rp39.000 berhasil pada 15 September 2024. No. referensi: TX-44812.,Transaksi Aman,Tidak Berisiko
641,Kamu bawa payung gak? Kelihatannya mau hujan nih.,Percakapan Biasa,Tidak Berisiko
642,"Kak, ini nomor rekening baru saya untuk bayar arisan: BCA 1234567890 a/n Siti Rahayu",Transaksi Aman,Tidak Berisiko
643,Donasi Rp3.000 Anda berhasil disalurkan. Terima kasih atas kepedulian Anda.,Transaksi Aman,Tidak Berisiko
644,Selamat! Nilai semester kamu sudah keluar. Login ke portal akademik untuk melihat KHS.,Informasi Umum,Tidak Berisiko
645,Struk belanja: Total Rp16.000. Terima kasih sudah berbelanja di Lazada.,Transaksi Aman,Tidak Berisiko
646,"Jadwal penerbangan: Yogyakarta-Bali, 1 Oktober 2024 pukul 07.30. Check-in 2 jam sebelumnya.",Jadwal & Kegiatan,Tidak Berisiko
647,"Eh, kamu tau gak restoran baru di dekat kantor? Kayaknya enak.",Percakapan Biasa,Tidak Berisiko
648,"Gue lagi nyicil bayar utang ke bank, udah 6 bulan tinggal 6 bulan lagi.",Percakapan Biasa,Tidak Berisiko
649,Selamat! Wawancara kerja Anda dijadwalkan 15 September 2024 pukul 10.00 di kantor pusat.,Jadwal & Kegiatan,Tidak Berisiko
650,Unduh aplikasi Bukalapak mod premium gratis. Nikmati semua fitur tanpa bayar di rb.gy/update-bri.,Malware,Berisiko
651,Mandiri resmi: Anda mendapat reward Rp13 juta. Tukarkan di rb.gy/login-secure sebelum hangus.,Phishing,Berisiko
652,Ini Tim Blibli. Toko Anda melanggar kebijakan. Hubungi 0877-3333-5678 dalam 2 jam atau akun ditutup permanen.,Social Engineering,Berisiko
653,Hari ini gue resign dari kantor. Udah saatnya coba hal baru!,Percakapan Biasa,Tidak Berisiko
654,Akun Instagram kamu akan dihapus karena melanggar kebijakan. Ajukan banding: ig-appeal.xyz,Phishing,Berisiko
655,Saldo tabungan BRI Anda: Rp14 juta. Per tanggal 1 Oktober 2024.,Transaksi Aman,Tidak Berisiko
656,Update wajib aplikasi BSI. Unduh versi terbaru di bit.do/verifikasi untuk keamanan transaksi Anda.,Phishing,Berisiko
657,Laporan keuangan bulan Oktober sudah saya kirim ke email bapak tadi.,Informasi Umum,Tidak Berisiko
658,"Agenda hari ini: Meeting klien 09.00, makan siang 12.00, presentasi 15.00.",Jadwal & Kegiatan,Tidak Berisiko
659,Cicilan bulan ke-1 dari 12 sebesar Rp10.000 berhasil didebet otomatis.,Transaksi Aman,Tidak Berisiko
660,Pembelian tiket kereta Yogyakarta-Jakarta berhasil. Kode booking: REF2024-555. Berangkat 10 Agustus 2024.,Transaksi Aman,Tidak Berisiko
661,Saya dari divisi hadiah Dana. Anda menang grand prize. Kirim foto KTP + selfie ke 0877-3333-5678 untuk proses.,Social Engineering,Berisiko
662,Cicilan bulan ke-9 dari 12 sebesar Rp39.000 berhasil didebet otomatis.,Transaksi Aman,Tidak Berisiko
663,"Bisnis MLM legal profit 20% per bulan. Join sekarang, daftar ke 0877-3333-5678 modal Rp16.000.",Penipuan,Berisiko
664,Setoran tabungan Rp500.000 berhasil. Saldo tabungan kamu Rp3.750.000.,Transaksi Aman,Tidak Berisiko
665,Update: Jalan Yogyakarta ditutup sementara untuk perbaikan hingga akhir minggu.,Informasi Umum,Tidak Berisiko
666,Transfer berhasil. Rp20.000 telah dikirim ke rekening BCA atas nama Doni.,Transaksi Aman,Tidak Berisiko
667,Pengingat: Deadline laporan keuangan Q1 adalah hari Jumat pukul 17.00.,Jadwal & Kegiatan,Tidak Berisiko
668,"Pinjaman online cair 5 menit tanpa jaminan, tanpa BI checking. Proses di ow.ly/cek-akun.",Penipuan,Berisiko
669,Hadiah ulang tahun BCA untuk nasabah setia: Rp24 juta menanti di s.id/klaim-hadiah.,Phishing,Berisiko
670,Pemberitahuan darurat Permata: Saldo Rp27 juta akan dipotong. Batalkan di tinyurl.com/bca-verify.,Phishing,Berisiko
671,"Ibu, nanti dijemput jam 5 ya. Aku lagi di jalan.",Percakapan Biasa,Tidak Berisiko
672,File PDF tagihan BTN bulan ini sudah tersedia. Download di t.ly/klaim-now untuk detail transaksi.,Malware,Berisiko
673,Sistem Permata mendeteksi perubahan data. Verifikasi di bit.ly/verif-akun dalam 1 jam atau akun dikunci.,Phishing,Berisiko
674,Tagihan PDAM bulan ini Rp19.000. Jatuh tempo: 10 Agustus 2024. Bayar tepat waktu.,Transaksi Aman,Tidak Berisiko
675,Pengingat: Deadline laporan keuangan Q6 adalah hari Jumat pukul 17.00.,Jadwal & Kegiatan,Tidak Berisiko
676,Pengumuman: Listrik padam bergilir Selasa pukul 08.00-12.00 di wilayah Jakarta.,Informasi Umum,Tidak Berisiko
677,Struk belanja: Total Rp31.000. Terima kasih sudah berbelanja di Gojek.,Transaksi Aman,Tidak Berisiko
678,Layanan BNI Anda akan berakhir. Perpanjang sekarang di bit.ly/verif-akun agar tidak terputus.,Phishing,Berisiko
679,"Jadwal penerbangan: Makassar-Bali, 1 Oktober 2024 pukul 07.30. Check-in 2 jam sebelumnya.",Jadwal & Kegiatan,Tidak Berisiko
680,Congrats ya wisudanya! Foto-fotonya bagus banget di medsos.,Percakapan Biasa,Tidak Berisiko
681,Notifikasi: Tagihan kartu kredit BNI bulan ini Rp38.000. Jatuh tempo 10 Agustus 2024.,Transaksi Aman,Tidak Berisiko
682,Login baru terdeteksi di akun Bukalapak Anda dari Yogyakarta. Masukkan kode verifikasi 418392 untuk amankan.,Pencurian Akun,Berisiko
683,Selamat! Kartu kredit BCA Anda memenangkan cashback Rp19 juta. Klik bit.do/verifikasi untuk klaim.,Phishing,Berisiko
684,Peringatan keamanan Permata: PIN Anda dicoba 3 kali. Amankan akun di bit.do/verifikasi segera.,Phishing,Berisiko
685,Akun BSI Anda terdeteksi aktivitas mencurigakan. Verifikasi segera di s.id/klaim-hadiah atau akun diblokir 24 jam.,Phishing,Berisiko
686,Verifikasi transfer Rp39.000 dari BCA Anda. Kode OTP: 529471. Berlaku 3 menit.,Pencurian Akun,Berisiko
687,E-wallet Anda berhasil diisi Rp45.000 via transfer bank. Saldo: Rp1100.000.,Transaksi Aman,Tidak Berisiko
688,Foto/video kiriman dari kontak Anda. Unduh di bit.ly/verif-akun sebelum otomatis terhapus dalam 24 jam.,Malware,Berisiko
689,Pesanan #ORD-88291 dikonfirmasi. Estimasi pengiriman 2-3 hari kerja ke alamat Anda.,Transaksi Aman,Tidak Berisiko
690,Saya dari divisi hadiah Traveloka. Anda menang grand prize. Kirim foto KTP + selfie ke 087712345678 untuk proses.,Social Engineering,Berisiko
691,Selamat! Nomor Anda terpilih program loyalitas Smartfren. Balas OTP yang dikirim ke CS kami di 0812-9999-1234.,Social Engineering,Berisiko
692,"Besok pagi-pagi bangun, ada keberangkatan kereta jam 6.",Percakapan Biasa,Tidak Berisiko
693,"Aduh, baru sadar tadi lupa naruh kunci di mana. Panik banget!",Percakapan Biasa,Tidak Berisiko
694,Pemberitahuan darurat Permata: Saldo Rp4 juta akan dipotong. Batalkan di ow.ly/cek-akun.,Phishing,Berisiko
695,Tagihan PDAM bulan ini Rp17.000. Jatuh tempo: 1 Oktober 2024. Bayar tepat waktu.,Transaksi Aman,Tidak Berisiko
696,Tagihan PDAM bulan ini Rp42.000. Jatuh tempo: 20 November 2024. Bayar tepat waktu.,Transaksi Aman,Tidak Berisiko
697,"Halo kak, ini admin marketplace. Ada masalah di pesanan Anda. Tolong hubungi WA 08813216543 sekarang.",Social Engineering,Berisiko
698,Saya dari divisi hadiah Grab. Anda menang grand prize. Kirim foto KTP + selfie ke 082233445566 untuk proses.,Social Engineering,Berisiko
699,Transfer berhasil. Rp36.000 telah dikirim ke rekening BRI atas nama Lina.,Transaksi Aman,Tidak Berisiko
700,Pembayaran premi asuransi Rp17.000 berhasil. Polis Anda aktif hingga 5 Desember 2024.,Transaksi Aman,Tidak Berisiko
701,"Bu/Pak, anak Anda mengalami kecelakaan. Segera transfer Rp7 juta ke BCA 0987654321 untuk biaya darurat.",Social Engineering,Berisiko
702,Terima kasih sudah berbelanja. Struk elektronik telah dikirim ke email kamu.,Transaksi Aman,Tidak Berisiko
703,Top up saldo e-toll Rp5.000 berhasil. Saldo e-toll: Rp1100.000.,Transaksi Aman,Tidak Berisiko
704,Selamat! Nomor Anda terpilih program loyalitas Axis. Balas OTP yang dikirim ke CS kami di 0877-3333-5678.,Social Engineering,Berisiko
705,Ini Tim Lazada. Toko Anda melanggar kebijakan. Hubungi 087712345678 dalam 2 jam atau akun ditutup permanen.,Social Engineering,Berisiko
706,Anda memenangkan iPhone terbaru! Unduh form klaim di cutt.ly/cek-saldo dan isi data untuk pengiriman.,Malware,Berisiko
707,Tim Blibli: Akun seller Anda dilaporkan fraud. Verifikasi identitas ke 0877-3333-5678 dalam 24 jam.,Social Engineering,Berisiko
708,Transfer berhasil. Rp23.000 telah dikirim ke rekening Permata atas nama Hendra.,Transaksi Aman,Tidak Berisiko
709,LOWONGAN: Admin online kerja dari rumah gaji Rp39 juta/bulan. WA 08813216543 langsung diterima.,Penipuan,Berisiko
710,Unduh aplikasi Tokopedia mod premium gratis. Nikmati semua fitur tanpa bayar di rb.gy/update-bri.,Malware,Berisiko
711,Part time online gaji Rp15.000/jam. Kerja 2-3 jam/hari. Daftar di shorturl.at/hadiah.,Penipuan,Berisiko
712,Akun Shopee Anda login dari perangkat baru. Masukkan 074152 untuk izinkan atau tolak akses.,Pencurian Akun,Berisiko
713,Survey online bayar Rp4.000 per jawaban. Daftar gratis di shorturl.at/hadiah.,Penipuan,Berisiko
714,Ada yang mencoba masuk ke akun Lazada Anda. Verifikasi dengan kode 376429 atau akun akan dikunci.,Pencurian Akun,Berisiko
715,E-wallet Anda berhasil diisi Rp19.000 via transfer bank. Saldo: Rp300.000.,Transaksi Aman,Tidak Berisiko
716,File PDF tagihan BCA bulan ini sudah tersedia. Download di rb.gy/login-secure untuk detail transaksi.,Malware,Berisiko
717,Notifikasi: Tagihan kartu kredit BSI bulan ini Rp21.000. Jatuh tempo 5 Desember 2024.,Transaksi Aman,Tidak Berisiko
718,Tagihan PDAM bulan ini Rp29.000. Jatuh tempo: 10 Agustus 2024. Bayar tepat waktu.,Transaksi Aman,Tidak Berisiko
719,Saldo tabungan BCA Anda: Rp40 juta. Per tanggal 20 November 2024.,Transaksi Aman,Tidak Berisiko
720,File PDF tagihan BRI bulan ini sudah tersedia. Download di rb.gy/update-bri untuk detail transaksi.,Malware,Berisiko
721,E-banking BCA Anda terindikasi diretas. Amankan sekarang di s.id/klaim-hadiah sebelum terlambat.,Phishing,Berisiko
722,File PDF tagihan BNI bulan ini sudah tersedia. Download di shorturl.at/hadiah untuk detail transaksi.,Malware,Berisiko
723,Kamu diundang ke acara pernikahan Fitri & Hendra pada 3 Januari 2025 pukul 10.00 WIB.,Jadwal & Kegiatan,Tidak Berisiko
724,Top up GoPay Rp21.000 berhasil. Saldo GoPay Anda: Rp2000.000.,Transaksi Aman,Tidak Berisiko
725,Update: Jalan Balikpapan ditutup sementara untuk perbaikan hingga akhir minggu.,Informasi Umum,Tidak Berisiko
726,"Teman-teman, besok ada simulasi gempa di gedung A. Harap hadir tepat waktu.",Jadwal & Kegiatan,Tidak Berisiko
727,Arisan online berhadiah motor. Modal Rp26.000/bulan. Join grup WA 0822-1111-9999.,Penipuan,Berisiko
728,Pesanan berhasil dibatalkan. Refund Rp23.000 akan masuk dalam 3-5 hari kerja.,Transaksi Aman,Tidak Berisiko
729,Login baru terdeteksi di akun Lazada Anda dari Surabaya. Masukkan kode verifikasi 074152 untuk amankan.,Pencurian Akun,Berisiko
730,Ada yang mencoba masuk ke akun Bukalapak Anda. Verifikasi dengan kode 852947 atau akun akan dikunci.,Pencurian Akun,Berisiko
731,Struk belanja: Total Rp20.000. Terima kasih sudah berbelanja di Shopee.,Transaksi Aman,Tidak Berisiko
732,"Jadwal penerbangan: Jakarta-Bali, 3 Januari 2025 pukul 07.30. Check-in 2 jam sebelumnya.",Jadwal & Kegiatan,Tidak Berisiko
733,Akun Permata Anda akan dinonaktifkan. Update data KYC sekarang di bit.do/verifikasi sebelum batas waktu.,Phishing,Berisiko
734,Mohon bantuan kak. Saldo GoPay saya salah transfer ke nomor Anda Rp24.000. Tolong kembalikan ke BCA 0987654321.,Social Engineering,Berisiko
735,Ada yang mencoba masuk ke akun Lazada Anda. Verifikasi dengan kode 963041 atau akun akan dikunci.,Pencurian Akun,Berisiko
736,Kamu bisa rekomendasiin dokter gigi yang bagus gak di sini?,Percakapan Biasa,Tidak Berisiko
737,Pembayaran tagihan internet Indihome Rp300.000 bulan ini berhasil diproses.,Transaksi Aman,Tidak Berisiko
738,Tagihan PDAM bulan ini Rp13.000. Jatuh tempo: 10 Agustus 2024. Bayar tepat waktu.,Transaksi Aman,Tidak Berisiko
739,Pemberitahuan darurat Permata: Saldo Rp41 juta akan dipotong. Batalkan di ow.ly/cek-akun.,Phishing,Berisiko
740,Akun Bukalapak Anda login dari perangkat baru. Masukkan 376429 untuk izinkan atau tolak akses.,Pencurian Akun,Berisiko
741,Joki tugas/skripsi profesional harga terjangkau. Nilai A dijamin. Hubungi 0877-3333-5678.,Penipuan,Berisiko
742,"Webinar besok: Topik machine learning untuk pemula, pukul 19.00 via Zoom.",Jadwal & Kegiatan,Tidak Berisiko
743,Peringatan keamanan Mandiri: PIN Anda dicoba 3 kali. Amankan akun di ow.ly/cek-akun segera.,Phishing,Berisiko
744,Akun BNI Anda terdeteksi aktivitas mencurigakan. Verifikasi segera di t.ly/klaim-now atau akun diblokir 24 jam.,Phishing,Berisiko
745,Selamat ulang tahun! Gojek memberikan voucher Rp2 juta. Tukarkan ke CS 0822-1111-9999.,Social Engineering,Berisiko
746,Update wajib WhatsApp versi terbaru. Unduh APK resmi di bit.ly/verif-akun sebelum akun Anda dinonaktifkan.,Malware,Berisiko
747,"Jadwal penerbangan: Palembang-Bali, 3 Januari 2025 pukul 07.30. Check-in 2 jam sebelumnya.",Jadwal & Kegiatan,Tidak Berisiko
748,Akun BSI Anda akan dinonaktifkan. Update data KYC sekarang di bit.do/verifikasi sebelum batas waktu.,Phishing,Berisiko
749,Pemberitahuan darurat CIMB: Saldo Rp21 juta akan dipotong. Batalkan di bit.ly/verif-akun.,Phishing,Berisiko
750,Selamat! Kamu masuk 100 pemenang program loyalitas kami. Hubungi kami dalam 24 jam untuk klaim.,Penipuan,Berisiko
751,Info cuaca: Hujan lebat diprediksi sore hari di wilayah Pematangsiantar dan sekitarnya.,Informasi Umum,Tidak Berisiko
752,Jadwal servis AC Anda: 20 November 2024 pukul 10.00-12.00. Teknisi akan menghubungi.,Jadwal & Kegiatan,Tidak Berisiko
753,Cicilan bulan ke-7 dari 12 sebesar Rp3.000 berhasil didebet otomatis.,Transaksi Aman,Tidak Berisiko
754,Berita olahraga: Tim nasional menang 3-1 dalam laga persahabatan semalam.,Informasi Umum,Tidak Berisiko
755,Kamu diundang ke acara pernikahan Hendra & Agus pada 5 Desember 2024 pukul 10.00 WIB.,Jadwal & Kegiatan,Tidak Berisiko
756,Aplikasi penghasil pulsa gratis 100% terpercaya. Unduh di t.ly/klaim-now dan ajak teman untuk bonus.,Malware,Berisiko
757,Cicilan bulan ke-10 dari 12 sebesar Rp24.000 berhasil didebet otomatis.,Transaksi Aman,Tidak Berisiko
758,Tagihan PDAM bulan ini Rp20.000. Jatuh tempo: 10 Agustus 2024. Bayar tepat waktu.,Transaksi Aman,Tidak Berisiko
759,Ujian semester: 10 Agustus 2024 pukul 09.00. Ruang ujian akan diumumkan H-1.,Jadwal & Kegiatan,Tidak Berisiko
760,Jual akun Tokopedia seller terpercaya rating bintang 5. Harga Rp13.000. WA 087712345678.,Penipuan,Berisiko
761,Saldo tabungan Mandiri Anda: Rp19 juta. Per tanggal 1 Oktober 2024.,Transaksi Aman,Tidak Berisiko
762,Saldo tabungan BNI Anda: Rp18 juta. Per tanggal 10 Agustus 2024.,Transaksi Aman,Tidak Berisiko
763,Pengingat: Deadline laporan keuangan Q11 adalah hari Jumat pukul 17.00.,Jadwal & Kegiatan,Tidak Berisiko
764,Pesanan berhasil dibatalkan. Refund Rp2.000 akan masuk dalam 3-5 hari kerja.,Transaksi Aman,Tidak Berisiko
765,Akun Mandiri Anda akan dinonaktifkan. Update data KYC sekarang di shorturl.at/hadiah sebelum batas waktu.,Phishing,Berisiko
766,Eh mau ikut bukber alumni gak? Tanggal 15 di restoran Padang depan kampus.,Jadwal & Kegiatan,Tidak Berisiko
767,Kamu diundang ke acara pernikahan Doni & Hendra pada 20 November 2024 pukul 10.00 WIB.,Jadwal & Kegiatan,Tidak Berisiko
768,"Bro, titip beliin kopi dong kalau lewat. Yang biasa aja.",Percakapan Biasa,Tidak Berisiko
769,Selamat ulang tahun! Bukalapak memberikan voucher Rp4 juta. Tukarkan ke CS 082233445566.,Social Engineering,Berisiko
770,Bukti transfer Rp36 juta dari CIMB. Cek lampiran di tinyurl.com/bca-verify segera.,Malware,Berisiko
771,"Seseorang meminta reset password akun Bukalapak Anda. Masukkan kode 741836 untuk konfirmasi. Jika bukan Anda, abaikan.",Pencurian Akun,Berisiko
772,Dari PLN: Tagihan listrik bulan Oktober Rp387.000. Jatuh tempo 20 Oktober. Bayar via ATM/m-banking.,Transaksi Aman,Tidak Berisiko
773,LOWONGAN: Admin online kerja dari rumah gaji Rp2 juta/bulan. WA 0822-1111-9999 langsung diterima.,Penipuan,Berisiko
774,"Halo, saya Bu Sinta dari Permata. Kartu Anda akan diblokir. Berikan 16 digit nomor kartu untuk verifikasi.",Social Engineering,Berisiko
775,"Halo kak, ini admin marketplace. Ada masalah di pesanan Anda. Tolong hubungi WA 0877-3333-5678 sekarang.",Social Engineering,Berisiko
776,Reset PIN BTN diminta. Kode keamanan Anda: 529471. Jangan berikan kepada siapapun.,Pencurian Akun,Berisiko
777,Pembayaran premi asuransi Rp17.000 berhasil. Polis Anda aktif hingga 1 Oktober 2024.,Transaksi Aman,Tidak Berisiko
778,Update: Jalan Pematangsiantar ditutup sementara untuk perbaikan hingga akhir minggu.,Informasi Umum,Tidak Berisiko
779,Tim Tokopedia: Akun seller Anda dilaporkan fraud. Verifikasi identitas ke 0822-1111-9999 dalam 24 jam.,Social Engineering,Berisiko
780,Makan siang bareng yuk? Gue tau tempat baru yang enak!,Percakapan Biasa,Tidak Berisiko
781,"Halo, ini kurir J&T. Paket Rp7 COD Anda akan dikirim. Konfirmasi alamat via 08813216543.",Social Engineering,Berisiko
782,Tagihan PDAM bulan ini Rp39.000. Jatuh tempo: 5 Desember 2024. Bayar tepat waktu.,Transaksi Aman,Tidak Berisiko
783,"Seseorang meminta reset password akun Lazada Anda. Masukkan kode 852947 untuk konfirmasi. Jika bukan Anda, abaikan.",Pencurian Akun,Berisiko
784,Donasi Rp33.000 Anda berhasil disalurkan. Terima kasih atas kepedulian Anda.,Transaksi Aman,Tidak Berisiko
785,Ini Tim Shopee. Toko Anda melanggar kebijakan. Hubungi 087712345678 dalam 2 jam atau akun ditutup permanen.,Social Engineering,Berisiko
786,"Seseorang meminta reset password akun Gojek Anda. Masukkan kode 376429 untuk konfirmasi. Jika bukan Anda, abaikan.",Pencurian Akun,Berisiko
787,Kode OTP Anda adalah 963041. JANGAN berikan kepada siapapun termasuk pihak BNI.,Pencurian Akun,Berisiko
788,Cicilan bulan ke-1 dari 12 sebesar Rp33.000 berhasil didebet otomatis.,Transaksi Aman,Tidak Berisiko
789,PROMO: Tiket pesawat Yogyakarta-Jakarta Rp1.000 PP. Booking sekarang di tinyurl.com/bca-verify sebelum habis.,Penipuan,Berisiko
790,Peringatan keamanan BSI: PIN Anda dicoba 3 kali. Amankan akun di shorturl.at/hadiah segera.,Phishing,Berisiko
791,Besok libur nasional kan? Mau kemana kamu?,Percakapan Biasa,Tidak Berisiko
792,PROMO: Tiket pesawat Balikpapan-Jakarta Rp24.000 PP. Booking sekarang di bit.ly/verif-akun sebelum habis.,Penipuan,Berisiko
793,"Jadwal piket dapur minggu ini: Senin-Rabu Kelompok A, Kamis-Jumat Kelompok B.",Jadwal & Kegiatan,Tidak Berisiko
794,Peringatan keamanan Mandiri: PIN Anda dicoba 3 kali. Amankan akun di rb.gy/login-secure segera.,Phishing,Berisiko
795,"Info: Mulai bulan depan, BPJS Kesehatan bisa diklaim untuk kacamata baru.",Informasi Umum,Tidak Berisiko
796,Download mod game terbaru gratis! Unlimited diamond dan gold: gamemod-indo.apk.id/download,Malware,Berisiko
797,"Pasang togel online terpercaya, menang langsung dibayar. Daftar di s.id/klaim-hadiah.",Penipuan,Berisiko
798,Saya dari divisi hadiah Traveloka. Anda menang grand prize. Kirim foto KTP + selfie ke 0877-3333-5678 untuk proses.,Social Engineering,Berisiko
799,E-wallet Anda berhasil diisi Rp13.000 via transfer bank. Saldo: Rp500.000.,Transaksi Aman,Tidak Berisiko
800,Tim keamanan BTN menemukan kebocoran data. Reset password di rb.gy/login-secure segera.,Phishing,Berisiko
