text,label
Password portal akademik saya adalah Mahasiswa2024,SENSITIF
Halo apa kabar hari ini?,TIDAK_SENSITIF
Kode login SIAKAD ku Admin123456,SENSITIF
Besok kita meeting jam berapa?,TIDAK_SENSITIF
Password WiFi kampus: Poltek@2024,SENSITIF
Terima kasih banyak ya,TIDAK_SENSITIF
Pin e-learning saya 789012,SENSITIF
Kapan deadline tugas kalkulus?,TIDAK_SENSITIF
Password Gmail untuk tugas: MyEmail123,SENSITIF
Saya sedang di perpustakaan sekarang,TIDAK_SENSITIF
Login Google Classroom pakai password Kelas2024,SENSITIF
Kuliah hari ini masuk atau libur?,TIDAK_SENSITIF
Password Zoom meeting: Meeting999,SENSITIF
Selamat pagi dosen,TIDAK_SENSITIF
Akun Microsoft Teams password nya Teams@123,SENSITIF
Presentasi kelompok 3 hari lagi,TIDAK_SENSITIF
Password Google Drive buat nyimpan skripsi: Drive2024,SENSITIF
Mau makan siang bareng gak?,TIDAK_SENSITIF
Kode akses perpustakaan digital 456789,SENSITIF
Lagi hujan deras nih di kampus,TIDAK_SENSITIF
Password hotspot laptop: Hotspot123,SENSITIF
Praktikum besok bawa laptop ya,TIDAK_SENSITIF
PIN kartu mahasiswa 123456,SENSITIF
Ruang kelas pindah ke gedung B,TIDAK_SENSITIF
Password akun Moodle: Student@2024,SENSITIF
Minggu depan UTS dimulai,TIDAK_SENSITIF
Login portal nilai dengan password Nilai123,SENSITIF
Selamat mengerjakan ujian,TIDAK_SENSITIF
Password repository GitHub tugas: Repo2024,SENSITIF
Kantin kampus tutup hari ini,TIDAK_SENSITIF
Kode akses lab komputer 789456,SENSITIF
Dosen tadi izin tidak masuk,TIDAK_SENSITIF
Password email kampus: Campus@Mail123,SENSITIF
Fotokopi di depan masjid kampus,TIDAK_SENSITIF
Login sistem presensi pakai password Hadir2024,SENSITIF
Perpustakaan buka sampai jam 8 malam,TIDAK_SENSITIF
Password Dropbox untuk project: Project@123,SENSITIF
Ayo ke cafe sebentar,TIDAK_SENSITIF
PIN ATM untuk bayar SPP 654321,SENSITIF
Bus kampus berangkat jam 3 sore,TIDAK_SENSITIF
Password akun Canvas LMS: Canvas@2024,SENSITIF
Semangat buat ujiannya!,TIDAK_SENSITIF
Kode aktivasi Microsoft Office: ABC12-DEF34-GHI56,SENSITIF
Hari ini ada seminar di aula,TIDAK_SENSITIF
Password OneNote untuk catatan kuliah: Note2024,SENSITIF
Materi sudah di-upload di e-learning,TIDAK_SENSITIF
Login portal beasiswa password: Beasiswa@123,SENSITIF
Kelompok kita presentasi pertama,TIDAK_SENSITIF
Password akun Quizlet buat belajar: Quiz2024,SENSITIF
Jangan lupa bawa KTM besok,TIDAK_SENSITIF
Kode akses ruang server 147258,SENSITIF
Ruang meeting sudah dibooking,TIDAK_SENSITIF
Password Telegram grup kelas: Grup@123,SENSITIF
Ada tugas kelompok minggu ini,TIDAK_SENSITIF
Login sistem KRS online: KRS2024pass,SENSITIF
Hari Senin mulai bimbingan skripsi,TIDAK_SENSITIF
Password akun Coursera: Online@Learn123,SENSITIF
Parkiran motor penuh nih,TIDAK_SENSITIF
PIN loker kampus 369258,SENSITIF
Kelas kita di lantai 3,TIDAK_SENSITIF
Password aplikasi absensi: Absen@2024,SENSITIF
Tolong kirimkan file PPT nya,TIDAK_SENSITIF
Kode login jurnal online: Journal123,SENSITIF
Selamat siang pak dosen,TIDAK_SENSITIF
Password akun LinkedIn untuk magang: Career@2024,SENSITIF
Besok ada kelas pengganti,TIDAK_SENSITIF
Login sistem pembayaran SPP: Bayar123,SENSITIF
Wifi di koridor lemot banget,TIDAK_SENSITIF
Password Google Scholar: Scholar@2024,SENSITIF
Hari ini kuliah sampai jam 5,TIDAK_SENSITIF
Kode akses printer kampus 852963,SENSITIF
Laporan sudah selesai dibuat,TIDAK_SENSITIF
Password akun ResearchGate: Research2024,SENSITIF
Terima kasih atas bantuannya,TIDAK_SENSITIF
Login portal PKL password: PKL@123,SENSITIF
Seminar proposal minggu depan,TIDAK_SENSITIF
Password Mendeley untuk referensi: Ref2024,SENSITIF
Buku sudah dikembalikan ke perpus,TIDAK_SENSITIF
Kode WiFi ruang dosen 741852,SENSITIF
Hari libur nasional besok,TIDAK_SENSITIF
Password Grammarly premium: Grammar@123,SENSITIF
Diskusi kelompok jam 2 siang,TIDAK_SENSITIF
Login sistem pengajuan judul skripsi: Judul2024,SENSITIF
Sudah bayar SPP semester ini?,TIDAK_SENSITIF
Password akun Turnitin: Plagiat@Check123,SENSITIF
Kantin baru enak makanannya,TIDAK_SENSITIF
Kode akses lab bahasa 963852,SENSITIF
Dosen pembimbing baik banget,TIDAK_SENSITIF
Password Notion untuk organisasi tugas: Task@2024,SENSITIF
Ayo kerjain tugas bareng,TIDAK_SENSITIF
Login portal magang industri: Magang123,SENSITIF
Minggu depan cuti bersama,TIDAK_SENSITIF
Password akun Trello project: Board@2024,SENSITIF
Presentasi berjalan lancar tadi,TIDAK_SENSITIF
Kode ruang ujian online 258147,SENSITIF
Selamat atas prestasinya,TIDAK_SENSITIF
Password Slack workspace kampus: Campus@Slack24,SENSITIF
Hari ini cuaca cerah sekali,TIDAK_SENSITIF
Login sistem bimbingan: Bimbingan@123,SENSITIF
Fotokopi sudah jadi semua,TIDAK_SENSITIF
NIK saya 3201234567890123 untuk pendaftaran beasiswa,SENSITIF
Perpustakaan sangat nyaman untuk belajar,TIDAK_SENSITIF
Nomor KTP 3301456789012345 buat verifikasi,SENSITIF
Terima kasih sudah diingatkan,TIDAK_SENSITIF
NPWP saya 12.345.678.9-012.000 untuk SPT,SENSITIF
Kelas dimulai tepat waktu,TIDAK_SENSITIF
Nomor rekening BCA 1234567890 untuk terima beasiswa,SENSITIF
Selamat menjalankan ibadah puasa,TIDAK_SENSITIF
No rekening Mandiri 1370012345678 buat bayar SPP,SENSITIF
Jangan lupa bawa alat tulis,TIDAK_SENSITIF
Nomor kartu kredit 4532123456789012 CVV 123,SENSITIF
Sampai jumpa di kelas ya,TIDAK_SENSITIF
PIN ATM BRI 654321 jangan lupa ya,SENSITIF
Hari ini ada acara organisasi,TIDAK_SENSITIF
Kode CVV kartu debit 789,SENSITIF
Maaf saya terlambat sedikit,TIDAK_SENSITIF
Nomor polis asuransi kesehatan 123456789012,SENSITIF
Selamat bergabung di kampus kita,TIDAK_SENSITIF
BPJS Kesehatan 0001234567890,SENSITIF
Hari ini kuliah online via Zoom,TIDAK_SENSITIF
Nomor SIM A 1234567890123 untuk sewa motor,SENSITIF
Ruangan ber-AC sangat dingin,TIDAK_SENSITIF
Paspor nomor A1234567 masa berlaku 2027,SENSITIF
Sudah makan siang belum?,TIDAK_SENSITIF
Nomor KK 3201012345678901 untuk syarat administrasi,SENSITIF
Silakan masuk ke ruangan,TIDAK_SENSITIF
Akta kelahiran nomor 123/Akta/2003,SENSITIF
Hari ini ada jadwal piket kelas,TIDAK_SENSITIF
SKCK nomor 456/SKCK/2024 untuk magang,SENSITIF
Terima kasih atas kerjasamanya,TIDAK_SENSITIF
Nomor telepon pribadi 081234567890,SENSITIF
Sudah siap untuk ujian besok?,TIDAK_SENSITIF
Nomor WhatsApp +6281234567890 hubungi kalau ada apa-apa,SENSITIF
Semoga lulus dengan nilai bagus,TIDAK_SENSITIF
Email pribadi john.doe@gmail.com password JohnDoe123,SENSITIF
Hari ini tidak ada kelas sore,TIDAK_SENSITIF
Alamat rumah Jl. Merdeka No. 123 RT 01 RW 02,SENSITIF
Selamat hari raya idul fitri,TIDAK_SENSITIF
Tanggal lahir 15 Agustus 2003 untuk verifikasi,SENSITIF
Ayo semangat kuliah hari ini,TIDAK_SENSITIF
Nama ibu kandung Siti Aminah untuk keamanan akun,SENSITIF
Dosen sudah masuk ke kelas,TIDAK_SENSITIF
Golongan darah O+ untuk data kesehatan,SENSITIF
Terima kasih atas perhatiannya,TIDAK_SENSITIF
My student portal password is StudentPass2024,SENSITIF
Good morning everyone,TIDAK_SENSITIF
Bank account number 9876543210 for scholarship,SENSITIF
Have a nice day,TIDAK_SENSITIF
Social security number 123-45-6789,SENSITIF
See you in class tomorrow,TIDAK_SENSITIF
Credit card PIN 4567,SENSITIF
The lecture was very interesting,TIDAK_SENSITIF
Driver license number DL12345678,SENSITIF
Thank you for your help,TIDAK_SENSITIF
My birthday is January 15 1995,SENSITIF
The campus is very beautiful,TIDAK_SENSITIF
Mother maiden name is Johnson,SENSITIF
Let me know when you arrive,TIDAK_SENSITIF
Passport number P7654321,SENSITIF
I will be there on time,TIDAK_SENSITIF
Health insurance policy 987654321,SENSITIF
The assignment is due next week,TIDAK_SENSITIF
Tax ID number 98-7654321,SENSITIF
Congratulations on your achievement,TIDAK_SENSITIF
Email password is SecurePass789,SENSITIF
The weather is nice today,TIDAK_SENSITIF
Besok ada diskusi kelompok jam 10,TIDAK_SENSITIF
Password lab software: LabSoft@2024,SENSITIF
Materi ujian ada di chapter 5-8,TIDAK_SENSITIF
Kode verifikasi OTP 789456,SENSITIF
Selamat pagi semua teman-teman,TIDAK_SENSITIF
Nomor rekening ayah 5678901234,SENSITIF
Hari ini ada kuliah tamu,TIDAK_SENSITIF
PIN kartu ATM ibu 147258,SENSITIF
Silakan duduk yang rapi,TIDAK_SENSITIF
Password router lab 192.168.1.1 admin,SENSITIF
Terima kasih sudah menunggu,TIDAK_SENSITIF
NIK kakak 3401567890123456,SENSITIF
Hari ini ada pemilihan BEM,TIDAK_SENSITIF
Kode keamanan laptop: Secure789,SENSITIF
Maaf tidak bisa hadir hari ini,TIDAK_SENSITIF
No rekening adik 4567890123,SENSITIF
Selamat ulang tahun ya,TIDAK_SENSITIF
Password database MySQL: root123,SENSITIF
Ruangan sudah siap untuk acara,TIDAK_SENSITIF
KTP ibu 3301876543210987,SENSITIF
Semoga hari ini menyenangkan,TIDAK_SENSITIF
Access token API: ghp_AbCdEfGhIjKlMnOpQrSt,SENSITIF
Silakan ambil nomor antrian,TIDAK_SENSITIF
Private key SSH: -----BEGIN RSA PRIVATE KEY-----,SENSITIF
Terima kasih atas pengertiannya,TIDAK_SENSITIF
Nomor kartu BPJS keluarga 0009876543210,SENSITIF
Hari ini jadwal bimbingan skripsi,TIDAK_SENSITIF
CVV kartu kredit ibu 456,SENSITIF
Selamat menempuh ujian akhir,TIDAK_SENSITIF
Password VPN kampus: VPN@Campus24,SENSITIF
Besok ada rapat organisasi,TIDAK_SENSITIF
Nomor rekening tabungan pendidikan 7890123456,SENSITIF
Kelas sudah boleh masuk,TIDAK_SENSITIF
PIN mobile banking 369852,SENSITIF
Selamat atas wisudanya,TIDAK_SENSITIF
Kode OTP transfer 456789,SENSITIF
Hari ini ada lomba futsal,TIDAK_SENSITIF
Password email kantor: Office@Mail123,SENSITIF
Silakan maju untuk presentasi,TIDAK_SENSITIF
No KTP ayah 3501234567890123,SENSITIF
Terima kasih sudah berkunjung,TIDAK_SENSITIF
Kode aktivasi software: XXXX-YYYY-ZZZZ-AAAA,SENSITIF
Selamat menunaikan ibadah haji,TIDAK_SENSITIF
Password FTP server: FTP2024pass,SENSITIF
Jangan lupa isi daftar hadir,TIDAK_SENSITIF
Nomor rekening bisnis 3456789012,SENSITIF
Hari ini ada bazaar di kampus,TIDAK_SENSITIF
PIN kartu debit 258147,SENSITIF
Selamat hari kemerdekaan Indonesia,TIDAK_SENSITIF
Secret key aplikasi: sk_live_1234567890,SENSITIF
Terima kasih atas partisipasinya,TIDAK_SENSITIF
Password backup server: Backup@Secure24,SENSITIF
Hari ini cuaca agak mendung,TIDAK_SENSITIF
Nomor polis asuransi jiwa 456789012,SENSITIF
Selamat menjalankan tugas,TIDAK_SENSITIF
Kode verifikasi 2FA: 123456,SENSITIF
Sudah selesai semua tugasnya?,TIDAK_SENSITIF
Password admin panel: Admin@Panel24,SENSITIF
Ayo ikut kegiatan bakti sosial,TIDAK_SENSITIF
Recovery key: ABCD-1234-EFGH-5678,SENSITIF
Selamat pagi dosen pembimbing,TIDAK_SENSITIF
Nomor rekening payroll 8901234567,SENSITIF
Hari ini ada guest lecture,TIDAK_SENSITIF
Master password: MasterP@ss2024,SENSITIF
Terima kasih sudah hadir,TIDAK_SENSITIF
Encryption key: 0x1a2b3c4d5e6f7890,SENSITIF
Semoga sukses dalam karir,TIDAK_SENSITIF
Password cloud storage: Cloud@2024Store,SENSITIF
Hari ini jadwal konseling,TIDAK_SENSITIF
Nomor kartu kredit perusahaan 6011123456789012,SENSITIF
Selamat atas pencapaiannya,TIDAK_SENSITIF
API secret: sk_test_abcdefghijklmnop,SENSITIF
Silakan tunggu sebentar,TIDAK_SENSITIF
Password WiFi rumah: Home@WiFi123,SENSITIF
Hari ini ada workshop coding,TIDAK_SENSITIF
Kode keamanan brankas 789012,SENSITIF
Terima kasih atas kontribusinya,TIDAK_SENSITIF
Password SSH server: SSH@Secure2024,SENSITIF
Selamat bergabung di tim kami,TIDAK_SENSITIF
Nomor SIM C 9876543210987,SENSITIF
Hari ini libur akademik,TIDAK_SENSITIF
Kode aktivasi lisensi: LICENSE-KEY-2024,SENSITIF
Selamat menempuh perjalanan,TIDAK_SENSITIF
Password database production: DBProd@2024,SENSITIF
Terima kasih sudah berbagi ilmu,TIDAK_SENSITIF
Nomor paspor istri B9876543,SENSITIF
Hari ini ada acara donor darah,TIDAK_SENSITIF
Private key wallet: 5KjH...xY2z,SENSITIF
Selamat atas kemenangannya,TIDAK_SENSITIF
Password backup file: FileBackup@24,SENSITIF
Ayo kita belajar bareng,TIDAK_SENSITIF
Seed phrase: word1 word2 word3 word4,SENSITIF
Terima kasih atas dukungannya,TIDAK_SENSITIF
Kode PIN handphone 951753,SENSITIF
Selamat hari guru nasional,TIDAK_SENSITIF
Password NAS storage: NAS@Store2024,SENSITIF
Hari ini ada lomba debat,TIDAK_SENSITIF
Nomor rekening joint account 2345678901,SENSITIF
Silakan tunggu pengumuman,TIDAK_SENSITIF
Kode unlock bootloader: UNLOCK12345,SENSITIF
Terima kasih atas saran nya,TIDAK_SENSITIF
Password CMS website: CMS@Web2024,SENSITIF
Selamat hari kartini,TIDAK_SENSITIF
Nomor rekening dollar 1122334455,SENSITIF
Hari ini ada screening film,TIDAK_SENSITIF
Root password server: Root@Server24,SENSITIF
Selamat atas promosi jabatannya,TIDAK_SENSITIF
Kode verifikasi PayPal 654321,SENSITIF
Terima kasih sudah menjadi mentor,TIDAK_SENSITIF
Password registry editor: RegEdit@2024,SENSITIF
Hari ini ada pelatihan public speaking,TIDAK_SENSITIF
Nomor kartu ATM asing 6543210987654321,SENSITIF
Selamat menunaikan umroh,TIDAK_SENSITIF
Admin password router: 192.168.0.1 admin123,SENSITIF
Terima kasih atas bimbingannya,TIDAK_SENSITIF
Kode verifikasi Google 789123,SENSITIF
Hari ini ada lomba karya tulis,TIDAK_SENSITIF
Password VPS hosting: VPS@Host2024,SENSITIF
Selamat atas penghargaannya,TIDAK_SENSITIF
Nomor rekening deposito 9988776655,SENSITIF
Silakan isi formulir pendaftaran,TIDAK_SENSITIF
Encryption passphrase: MySecret@Phrase24,SENSITIF
Terima kasih sudah mempercayai kami,TIDAK_SENSITIF
Password remote desktop: RDP@Access24,SENSITIF
Hari ini ada kegiatan kemahasiswaan,TIDAK_SENSITIF
Kode keamanan safe deposit box 456123,SENSITIF
Selamat hari pahlawan nasional,TIDAK_SENSITIF
My social security is 987-65-4321,SENSITIF
Please submit your assignment online,TIDAK_SENSITIF
Credit card CVV is 987,SENSITIF
The library is open until 10 PM,TIDAK_SENSITIF
Bank routing number 021000021,SENSITIF
Have a great weekend everyone,TIDAK_SENSITIF
My PIN code is 7890,SENSITIF
The exam will be held next Monday,TIDAK_SENSITIF
Password is MySecret456,SENSITIF
Congratulations on your graduation,TIDAK_SENSITIF
Debit card number 4111111111111111,SENSITIF
See you in the next class,TIDAK_SENSITIF
Mother name is Mary Smith,SENSITIF
The cafeteria serves good food,TIDAK_SENSITIF
DOB is March 25 1998,SENSITIF
Thank you for attending the seminar,TIDAK_SENSITIF
Account password is Secure@789,SENSITIF
The campus wifi works well,TIDAK_SENSITIF
Insurance number is INS987654,SENSITIF
Good luck with your presentation,TIDAK_SENSITIF
Tax ID 12-3456789,SENSITIF
The professor is very knowledgeable,TIDAK_SENSITIF
Login credentials user123/pass123,SENSITIF
Have a productive study session,TIDAK_SENSITIF
Passport details P123456A,SENSITIF
The deadline has been extended,TIDAK_SENSITIF
Security code 9876,SENSITIF
Welcome to our university,TIDAK_SENSITIF
Email password SecureEmail@123,SENSITIF
The lecture hall is on third floor,TIDAK_SENSITIF
Driver license DL987654321,SENSITIF
Enjoy your campus life,TIDAK_SENSITIF
Besok ada kuliah pengganti jam 8 pagi,TIDAK_SENSITIF
Kode rahasia loker gym 753951,SENSITIF
Materi presentasi sudah di share ya,TIDAK_SENSITIF
Password akun Steam: Gaming@2024,SENSITIF
Hari ini ada kompetisi robotik,TIDAK_SENSITIF
Nomor rekening cryptocurrency wallet,SENSITIF
Selamat atas beasiswa yang didapat,TIDAK_SENSITIF
Token akses Firebase: AIzaSyAbc123,SENSITIF
Terima kasih sudah membantu revisi,TIDAK_SENSITIF
Kode aktivasi Autodesk: ABC-DEF-GHI-JKL,SENSITIF
Hari ini ada pameran karya mahasiswa,TIDAK_SENSITIF
Password Playstation Network: PSN@2024,SENSITIF
Selamat hari sumpah pemuda,TIDAK_SENSITIF
Nomor rekening investasi 5544332211,SENSITIF
Terima kasih sudah menjadi partner,TIDAK_SENSITIF
Kode verifikasi Instagram 456987,SENSITIF
Hari ini ada turnamen e-sports,TIDAK_SENSITIF
Password Adobe Creative Cloud: Adobe@24,SENSITIF
Selamat atas publikasi jurnal nya,TIDAK_SENSITIF
Nomor kartu perpustakaan nasional 1234567,SENSITIF
Silakan ambil materi di meja depan,TIDAK_SENSITIF
API key Google Maps: AIzaXyZ789,SENSITIF
Terima kasih atas feedbacknya,TIDAK_SENSITIF
Password Netflix shared: Netflix@Share24,SENSITIF
Hari ini ada lomba band kampus,TIDAK_SENSITIF
Kode transaksi wire transfer WT123456,SENSITIF
Selamat hari pendidikan nasional,TIDAK_SENSITIF
Password Discord server: Discord@Srv24,SENSITIF
Terima kasih sudah jadi ketua kelas,TIDAK_SENSITIF
Nomor rekening escrow 7788990011,SENSITIF
Hari ini jadwal olahraga bersama,TIDAK_SENSITIF
Secret key Stripe: sk_live_xyz789,SENSITIF
Selamat menjalankan KKN,TIDAK_SENSITIF
Password akun Epic Games: Epic@Game24,SENSITIF
Terima kasih atas hospitality nya,TIDAK_SENSITIF
Nomor polis asuransi kendaraan POL789456,SENSITIF
Hari ini ada bazar buku murah,TIDAK_SENSITIF
Kode OTP e-wallet 789654,SENSITIF
Selamat atas penerbitan buku nya,TIDAK_SENSITIF
Password Spotify premium: Spotify@24,SENSITIF
Silakan registrasi ulang semester depan,TIDAK_SENSITIF
Nomor rekening pensiun 9876543210,SENSITIF
Terima kasih atas komitmennya,TIDAK_SENSITIF
Access key AWS: AKIAIOSFODNN7EXAMPLE,SENSITIF
Hari ini ada pelatihan kepemimpinan,TIDAK_SENSITIF
Password Figma account: Figma@Design24,SENSITIF
Selamat menjalankan riset lapangan,TIDAK_SENSITIF
Kode verifikasi Telegram 951357,SENSITIF
Terima kasih atas dedikasi nya,TIDAK_SENSITIF
Password MongoDB: MongoDB@2024Pass,SENSITIF
Hari ini ada kuliah umum rector,TIDAK_SENSITIF
Nomor rekening tabungan anak 3344556677,SENSITIF
Selamat atas grant penelitiannya,TIDAK_SENSITIF
Webhook secret: whsec_abc123xyz789,SENSITIF
Terima kasih atas kolaborasinya,TIDAK_SENSITIF
Password Canva Pro: Canva@Pro2024,SENSITIF
Hari ini ada expo startup kampus,TIDAK_SENSITIF
Kode PIN tablet 741963,SENSITIF
Selamat atas patent yang didapat,TIDAK_SENSITIF
Password cPanel hosting: CPanel@Web24,SENSITIF
Terima kasih atas kepercayaannya,TIDAK_SENSITIF
Nomor rekening forex trading 6677889900,SENSITIF
Hari ini ada career fair di gedung utama,TIDAK_SENSITIF
Master key encryption: MK2024@Secure,SENSITIF
Selamat atas startup yang diluncurkan,TIDAK_SENSITIF
Password Heroku deploy: Heroku@App24,SENSITIF
Terima kasih sudah jadi narasumber,TIDAK_SENSITIF
Kode verifikasi WhatsApp Business 852963,SENSITIF
Hari ini ada pelatihan design thinking,TIDAK_SENSITIF
Password Jira account: Jira@Project24,SENSITIF
Selamat atas funding yang didapat,TIDAK_SENSITIF
Nomor rekening trust fund 4455667788,SENSITIF
Terima kasih atas inspirasinya,TIDAK_SENSITIF
API token GitHub: ghp_1234567890abcdef,SENSITIF
Hari ini ada workshop entrepreneurship,TIDAK_SENSITIF
Password Bitbucket repo: Bitbucket@24,SENSITIF
Selamat atas spin-off company nya,TIDAK_SENSITIF
Kode aktivasi Matlab: XXXXX-XXXXX-XXXXX,SENSITIF
Terima kasih atas mentorship nya,TIDAK_SENSITIF
Password Jenkins CI: Jenkins@Build24,SENSITIF
Hari ini ada pitching competition,TIDAK_SENSITIF
Nomor kartu platinum 5500112233445566,SENSITIF
Selamat atas IPO perusahaannya,TIDAK_SENSITIF
OAuth client secret: client_secret_xyz,SENSITIF
Terima kasih atas networkingnya,TIDAK_SENSITIF
Password Docker Hub: Docker@Container24,SENSITIF
Hari ini ada hackathon 24 jam,TIDAK_SENSITIF
Private API key: pk_live_abcdef123456,SENSITIF
Selamat atas acquisition perusahaan,TIDAK_SENSITIF
Password Kubernetes cluster: K8s@Cluster24,SENSITIF
Terima kasih atas partnership nya,TIDAK_SENSITIF
Nomor rekening offshore 9988776655443322,SENSITIF
Hari ini ada demo day accelerator,TIDAK_SENSITIF
JWT secret: jwt_secret_2024_secure_key,SENSITIF
Selamat atas valuasi unicorn nya,TIDAK_SENSITIF
Password Terraform state: TF@State2024,SENSITIF
Terima kasih atas synergy nya,TIDAK_SENSITIF
Kode Swift bank internasional ABCDEFGH,SENSITIF
Hari ini ada investor showcase,TIDAK_SENSITIF
Password Ansible vault: Ansible@Vault24,SENSITIF
Selamat atas series A funding nya,TIDAK_SENSITIF
Nomor rekening hedge fund 1122334455667788,SENSITIF
Terima kasih atas vision nya,TIDAK_SENSITIF
Database connection string: mongodb://user:pass@host,SENSITIF
Hari ini ada networking dinner VC,TIDAK_SENSITIF
Password CircleCI: Circle@CI2024,SENSITIF
Selamat atas exit strategy nya,TIDAK_SENSITIF
Kode IBAN rekening eropa DE89370400440532013000,SENSITIF
Terima kasih atas leadership nya,TIDAK_SENSITIF
Redis password: Redis@Cache2024,SENSITIF
Hari ini ada board meeting,TIDAK_SENSITIF
Nomor akun bloomberg terminal 1234567890,SENSITIF
Selamat atas merger perusahaan,TIDAK_SENSITIF
Elasticsearch credentials: elastic:changeme,SENSITIF
Terima kasih atas guidance nya,TIDAK_SENSITIF
Password RabbitMQ: RabbitMQ@2024,SENSITIF
Hari ini ada quarterly review,TIDAK_SENSITIF
Kode aktivasi trading platform TRD123456,SENSITIF
Selamat atas market expansion nya,TIDAK_SENSITIF
Password Grafana dashboard: Grafana@Mon24,SENSITIF
Terima kasih atas strategic nya,TIDAK_SENSITIF
Wallet seed phrase: abandon ability able about above,SENSITIF
Hari ini ada shareholders meeting,TIDAK_SENSITIF
Password Prometheus: Prometheus@Alert24,SENSITIF
Selamat atas global expansion nya,TIDAK_SENSITIF
Nomor rekening private banking 5566778899001122,SENSITIF
Terima kasih atas innovation nya,TIDAK_SENSITIF
Kode transaksi SWIFT MT103 789456123,SENSITIF
Hari ini ada strategy planning session,TIDAK_SENSITIF
Password Kibana: Kibana@Search2024,SENSITIF
Selamat atas revenue milestone nya,TIDAK_SENSITIF
API gateway key: apigw_xyz789abc456,SENSITIF
Terima kasih atas execution excellence,TIDAK_SENSITIF
Password Consul: Consul@Service24,SENSITIF
Hari ini ada due diligence meeting,TIDAK_SENSITIF
Nomor rekening treasury 7788990011223344,SENSITIF
Selamat atas product market fit nya,TIDAK_SENSITIF
Service mesh secret: mesh_secret_2024,SENSITIF
Terima kasih atas customer obsession,TIDAK_SENSITIF
Password Vault secrets: Vault@Secret24,SENSITIF
Hari ini ada roadshow investor,TIDAK_SENSITIF
Kode aktivasi CRM enterprise CRM987654,SENSITIF
Selamat atas profitable quarter nya,TIDAK_SENSITIF
Password Istio: Istio@Mesh2024,SENSITIF
Terima kasih atas operational excellence,TIDAK_SENSITIF
Private key infrastructure: -----BEGIN PRIVATE KEY-----,SENSITIF
Hari ini ada annual general meeting,TIDAK_SENSITIF
Password ArgoCD: Argo@Deploy2024,SENSITIF
Selamat atas go public nya,TIDAK_SENSITIF
Nomor kartu corporate black 4444333322221111,SENSITIF
Terima kasih atas thought leadership,TIDAK_SENSITIF
OAuth refresh token: rt_abc123xyz789def,SENSITIF
Hari ini ada earnings call,TIDAK_SENSITIF
Password Spinnaker: Spinnaker@CD24,SENSITIF
Selamat atas market dominance nya,TIDAK_SENSITIF
Certificate private key: -----BEGIN RSA PRIVATE KEY-----,SENSITIF
Terima kasih atas disruptive innovation,TIDAK_SENSITIF
Password Flux CD: Flux@GitOps2024,SENSITIF
Hari ini ada analyst briefing,TIDAK_SENSITIF
Blockchain private key: 0x1a2b3c4d5e6f7g8h9i0j,SENSITIF
Selamat atas unicorn status nya,TIDAK_SENSITIF
Password Tekton: Tekton@Pipeline24,SENSITIF
Terima kasih atas exponential growth,TIDAK_SENSITIF
Smart contract private key: SC_KEY_2024_PRIVATE,SENSITIF
Hari ini ada roadmap presentation,TIDAK_SENSITIF
Password Linkerd: Linkerd@Service24,SENSITIF
Selamat atas decacorn achievement,TIDAK_SENSITIF
Nomor rekening venture capital 9900112233445566,SENSITIF
Terima kasih atas scaling excellence,TIDAK_SENSITIF
Signing key: sk_signing_2024_secure_key,SENSITIF
Hari ini ada innovation showcase,TIDAK_SENSITIF
Password Harbor registry: Harbor@Registry24,SENSITIF
Selamat atas ecosystem leadership,TIDAK_SENSITIF
Encryption master key: emk_2024_aes256_master,SENSITIF
Terima kasih atas transformational impact,TIDAK_SENSITIF
Password Rancher: Rancher@K8s2024,SENSITIF
Hari ini ada sustainability report launch,TIDAK_SENSITIF
HSM partition password: HSM@Secure2024,SENSITIF
Selamat atas carbon neutral achievement,TIDAK_SENSITIF
Password OpenShift: OpenShift@Container24,SENSITIF
Terima kasih atas stakeholder value creation,TIDAK_SENSITIF
Key encryption key: kek_2024_wrapped_secure,SENSITIF
Hari ini ada ESG performance review,TIDAK_SENSITIF
Password Portainer: Portainer@Manage24,SENSITIF
Selamat atas industry recognition,TIDAK_SENSITIF
Root CA private key: -----BEGIN EC PRIVATE KEY-----,SENSITIF
Terima kasih atas continuous improvement,TIDAK_SENSITIF
Password Nomad: Nomad@Orchestrate24,SENSITIF
Hari ini ada innovation lab opening,TIDAK_SENSITIF
Hardware security module PIN: HSM_PIN_987654,SENSITIF
Selamat atas best employer award,TIDAK_SENSITIF
Nomor KTP suami 3601234567890123,SENSITIF
Kode OTP BCA 456789,SENSITIF
Password iCloud: iCloud@2024,SENSITIF
PIN kartu kredit emas 159753,SENSITIF
Nomor rekening syariah 8899776655,SENSITIF
Password Azure: Azure@Cloud24,SENSITIF
NIK istri 3701987654321098,SENSITIF
Kode keamanan vault 951357,SENSITIF
Password AWS console: AWS@2024,SENSITIF
CVV Visa platinum 321,SENSITIF
Nomor paspor anak C1234567,SENSITIF
Password GCP: Google@Cloud24,SENSITIF
NPWP suami 98.765.432.1-098.000,SENSITIF
Kode PIN smartwatch 753159,SENSITIF
Password Oracle Cloud: Oracle@24,SENSITIF
Password system1: Sys1@2024,SENSITIF
Password system2: Sys2@2024,SENSITIF
Password system3: Sys3@2024,SENSITIF
Password system4: Sys4@2024,SENSITIF
Password system5: Sys5@2024,SENSITIF
Password system6: Sys6@2024,SENSITIF
Password system7: Sys7@2024,SENSITIF
Password system8: Sys8@2024,SENSITIF
Password system9: Sys9@2024,SENSITIF
Password system10: Sys10@2024,SENSITIF
Password system11: Sys11@2024,SENSITIF
Password system12: Sys12@2024,SENSITIF
Password system13: Sys13@2024,SENSITIF
Password system14: Sys14@2024,SENSITIF
Password system15: Sys15@2024,SENSITIF
Password system16: Sys16@2024,SENSITIF
Password system17: Sys17@2024,SENSITIF
Password system18: Sys18@2024,SENSITIF
Password system19: Sys19@2024,SENSITIF
Password system20: Sys20@2024,SENSITIF
Password system21: Sys21@2024,SENSITIF
Password system22: Sys22@2024,SENSITIF
Password system23: Sys23@2024,SENSITIF
Password system24: Sys24@2024,SENSITIF
Password system25: Sys25@2024,SENSITIF
Password system26: Sys26@2024,SENSITIF
Password system27: Sys27@2024,SENSITIF
Password system28: Sys28@2024,SENSITIF
Password system29: Sys29@2024,SENSITIF
Password system30: Sys30@2024,SENSITIF
Password system31: Sys31@2024,SENSITIF
Password system32: Sys32@2024,SENSITIF
Password system33: Sys33@2024,SENSITIF
Password system34: Sys34@2024,SENSITIF
Password system35: Sys35@2024,SENSITIF
Password system36: Sys36@2024,SENSITIF
Password system37: Sys37@2024,SENSITIF
Password system38: Sys38@2024,SENSITIF
Password system39: Sys39@2024,SENSITIF
Password system40: Sys40@2024,SENSITIF
Password system41: Sys41@2024,SENSITIF
Password system42: Sys42@2024,SENSITIF
Password system43: Sys43@2024,SENSITIF
Password system44: Sys44@2024,SENSITIF
Password system45: Sys45@2024,SENSITIF
Password system46: Sys46@2024,SENSITIF
Password system47: Sys47@2024,SENSITIF
Password system48: Sys48@2024,SENSITIF
Password system49: Sys49@2024,SENSITIF
Password system50: Sys50@2024,SENSITIF
Password system51: Sys51@2024,SENSITIF
Password system52: Sys52@2024,SENSITIF
Password system53: Sys53@2024,SENSITIF
Password system54: Sys54@2024,SENSITIF
Password system55: Sys55@2024,SENSITIF
Password system56: Sys56@2024,SENSITIF
Password system57: Sys57@2024,SENSITIF
Password system58: Sys58@2024,SENSITIF
Password system59: Sys59@2024,SENSITIF
Password system60: Sys60@2024,SENSITIF
Password system61: Sys61@2024,SENSITIF
Password system62: Sys62@2024,SENSITIF
Password system63: Sys63@2024,SENSITIF
Password system64: Sys64@2024,SENSITIF
Password system65: Sys65@2024,SENSITIF
Password system66: Sys66@2024,SENSITIF
Password system67: Sys67@2024,SENSITIF
Password system68: Sys68@2024,SENSITIF
Password system69: Sys69@2024,SENSITIF
Password system70: Sys70@2024,SENSITIF
Password system71: Sys71@2024,SENSITIF
Password system72: Sys72@2024,SENSITIF
Password system73: Sys73@2024,SENSITIF
Password system74: Sys74@2024,SENSITIF
Password system75: Sys75@2024,SENSITIF
Password system76: Sys76@2024,SENSITIF
Password system77: Sys77@2024,SENSITIF
Password system78: Sys78@2024,SENSITIF
Password system79: Sys79@2024,SENSITIF
Password system80: Sys80@2024,SENSITIF
Password system81: Sys81@2024,SENSITIF
Password system82: Sys82@2024,SENSITIF
Password system83: Sys83@2024,SENSITIF
Password system84: Sys84@2024,SENSITIF
Password system85: Sys85@2024,SENSITIF
Password system86: Sys86@2024,SENSITIF
Password system87: Sys87@2024,SENSITIF
Password system88: Sys88@2024,SENSITIF
Password system89: Sys89@2024,SENSITIF
Password system90: Sys90@2024,SENSITIF
Password system91: Sys91@2024,SENSITIF
Password system92: Sys92@2024,SENSITIF
Password system93: Sys93@2024,SENSITIF
Password system94: Sys94@2024,SENSITIF
Password system95: Sys95@2024,SENSITIF
Password system96: Sys96@2024,SENSITIF
Password system97: Sys97@2024,SENSITIF
Password system98: Sys98@2024,SENSITIF
Password system99: Sys99@2024,SENSITIF
Password system100: Sys100@2024,SENSITIF
Password system101: Sys101@2024,SENSITIF
Password system102: Sys102@2024,SENSITIF
Password system103: Sys103@2024,SENSITIF
Password system104: Sys104@2024,SENSITIF
Password system105: Sys105@2024,SENSITIF
Password system106: Sys106@2024,SENSITIF
Password system107: Sys107@2024,SENSITIF
Password system108: Sys108@2024,SENSITIF
Password system109: Sys109@2024,SENSITIF
Password system110: Sys110@2024,SENSITIF
Password system111: Sys111@2024,SENSITIF
Password system112: Sys112@2024,SENSITIF
Password system113: Sys113@2024,SENSITIF
Password system114: Sys114@2024,SENSITIF
Password system115: Sys115@2024,SENSITIF
Password system116: Sys116@2024,SENSITIF
Password system117: Sys117@2024,SENSITIF
Password system118: Sys118@2024,SENSITIF
Password system119: Sys119@2024,SENSITIF
Password system120: Sys120@2024,SENSITIF
Password system121: Sys121@2024,SENSITIF
Password system122: Sys122@2024,SENSITIF
Password system123: Sys123@2024,SENSITIF
Password system124: Sys124@2024,SENSITIF
Password system125: Sys125@2024,SENSITIF
Password system126: Sys126@2024,SENSITIF
Password system127: Sys127@2024,SENSITIF
Password system128: Sys128@2024,SENSITIF
Password system129: Sys129@2024,SENSITIF
Password system130: Sys130@2024,SENSITIF
Password system131: Sys131@2024,SENSITIF
Password system132: Sys132@2024,SENSITIF
Password system133: Sys133@2024,SENSITIF
Password system134: Sys134@2024,SENSITIF
Password system135: Sys135@2024,SENSITIF
Password system136: Sys136@2024,SENSITIF
Password system137: Sys137@2024,SENSITIF
Password system138: Sys138@2024,SENSITIF
Password system139: Sys139@2024,SENSITIF
Password system140: Sys140@2024,SENSITIF
Password system141: Sys141@2024,SENSITIF
Password system142: Sys142@2024,SENSITIF
Password system143: Sys143@2024,SENSITIF
Password system144: Sys144@2024,SENSITIF
Password system145: Sys145@2024,SENSITIF
Password system146: Sys146@2024,SENSITIF
Password system147: Sys147@2024,SENSITIF
Password system148: Sys148@2024,SENSITIF
Password system149: Sys149@2024,SENSITIF
Password system150: Sys150@2024,SENSITIF
Password system151: Sys151@2024,SENSITIF
Password system152: Sys152@2024,SENSITIF
Password system153: Sys153@2024,SENSITIF
Password system154: Sys154@2024,SENSITIF
Password system155: Sys155@2024,SENSITIF
Password system156: Sys156@2024,SENSITIF
Password system157: Sys157@2024,SENSITIF
Password system158: Sys158@2024,SENSITIF
Password system159: Sys159@2024,SENSITIF
Password system160: Sys160@2024,SENSITIF
Password system161: Sys161@2024,SENSITIF
Password system162: Sys162@2024,SENSITIF
Password system163: Sys163@2024,SENSITIF
Password system164: Sys164@2024,SENSITIF
Password system165: Sys165@2024,SENSITIF
Password system166: Sys166@2024,SENSITIF
Password system167: Sys167@2024,SENSITIF
Password system168: Sys168@2024,SENSITIF
Password system169: Sys169@2024,SENSITIF
Password system170: Sys170@2024,SENSITIF
Password system171: Sys171@2024,SENSITIF
Password system172: Sys172@2024,SENSITIF
Password system173: Sys173@2024,SENSITIF
Password system174: Sys174@2024,SENSITIF
Password system175: Sys175@2024,SENSITIF
Password system176: Sys176@2024,SENSITIF
Password system177: Sys177@2024,SENSITIF
Password system178: Sys178@2024,SENSITIF
Password system179: Sys179@2024,SENSITIF
Password system180: Sys180@2024,SENSITIF
Password system181: Sys181@2024,SENSITIF
Password system182: Sys182@2024,SENSITIF
Password system183: Sys183@2024,SENSITIF
Password system184: Sys184@2024,SENSITIF
Password system185: Sys185@2024,SENSITIF
Password system186: Sys186@2024,SENSITIF
Password system187: Sys187@2024,SENSITIF
Password system188: Sys188@2024,SENSITIF
Password system189: Sys189@2024,SENSITIF
Password system190: Sys190@2024,SENSITIF
Password system191: Sys191@2024,SENSITIF
Password system192: Sys192@2024,SENSITIF
Password system193: Sys193@2024,SENSITIF
Password system194: Sys194@2024,SENSITIF
Password system195: Sys195@2024,SENSITIF
Password system196: Sys196@2024,SENSITIF
Password system197: Sys197@2024,SENSITIF
Password system198: Sys198@2024,SENSITIF
Password system199: Sys199@2024,SENSITIF
Password system200: Sys200@2024,SENSITIF
Password system201: Sys201@2024,SENSITIF
Password system202: Sys202@2024,SENSITIF
Password system203: Sys203@2024,SENSITIF
Password system204: Sys204@2024,SENSITIF
Password system205: Sys205@2024,SENSITIF
Password system206: Sys206@2024,SENSITIF
Password system207: Sys207@2024,SENSITIF
Password system208: Sys208@2024,SENSITIF
Password system209: Sys209@2024,SENSITIF
Password system210: Sys210@2024,SENSITIF
Password system211: Sys211@2024,SENSITIF
Password system212: Sys212@2024,SENSITIF
Password system213: Sys213@2024,SENSITIF
Password system214: Sys214@2024,SENSITIF
Password system215: Sys215@2024,SENSITIF
Password system216: Sys216@2024,SENSITIF
Password system217: Sys217@2024,SENSITIF
Password system218: Sys218@2024,SENSITIF
Password system219: Sys219@2024,SENSITIF
Password system220: Sys220@2024,SENSITIF
Password system221: Sys221@2024,SENSITIF
Password system222: Sys222@2024,SENSITIF
Password system223: Sys223@2024,SENSITIF
Password system224: Sys224@2024,SENSITIF
Password system225: Sys225@2024,SENSITIF
Password system226: Sys226@2024,SENSITIF
Password system227: Sys227@2024,SENSITIF
Password system228: Sys228@2024,SENSITIF
Password system229: Sys229@2024,SENSITIF
Password system230: Sys230@2024,SENSITIF
Password system231: Sys231@2024,SENSITIF
Password system232: Sys232@2024,SENSITIF
Password system233: Sys233@2024,SENSITIF
Password system234: Sys234@2024,SENSITIF
Password system235: Sys235@2024,SENSITIF
Password system236: Sys236@2024,SENSITIF
Password system237: Sys237@2024,SENSITIF
Password system238: Sys238@2024,SENSITIF
Password system239: Sys239@2024,SENSITIF
Password system240: Sys240@2024,SENSITIF
Password system241: Sys241@2024,SENSITIF
Password system242: Sys242@2024,SENSITIF
Password system243: Sys243@2024,SENSITIF
Password system244: Sys244@2024,SENSITIF
Password system245: Sys245@2024,SENSITIF
Password system246: Sys246@2024,SENSITIF
Password system247: Sys247@2024,SENSITIF
Password system248: Sys248@2024,SENSITIF
Password system249: Sys249@2024,SENSITIF
Password system250: Sys250@2024,SENSITIF
Password system251: Sys251@2024,SENSITIF
Password system252: Sys252@2024,SENSITIF
Password system253: Sys253@2024,SENSITIF
Password system254: Sys254@2024,SENSITIF
Password system255: Sys255@2024,SENSITIF
Password system256: Sys256@2024,SENSITIF
Password system257: Sys257@2024,SENSITIF
Password system258: Sys258@2024,SENSITIF
Password system259: Sys259@2024,SENSITIF
Password system260: Sys260@2024,SENSITIF
Password system261: Sys261@2024,SENSITIF
Password system262: Sys262@2024,SENSITIF
Password system263: Sys263@2024,SENSITIF
Password system264: Sys264@2024,SENSITIF
Password system265: Sys265@2024,SENSITIF
Password system266: Sys266@2024,SENSITIF
Password system267: Sys267@2024,SENSITIF
Password system268: Sys268@2024,SENSITIF
Password system269: Sys269@2024,SENSITIF
Password system270: Sys270@2024,SENSITIF
Password system271: Sys271@2024,SENSITIF
Password system272: Sys272@2024,SENSITIF
Password system273: Sys273@2024,SENSITIF
Password system274: Sys274@2024,SENSITIF
Password system275: Sys275@2024,SENSITIF
Password system276: Sys276@2024,SENSITIF
Password system277: Sys277@2024,SENSITIF
Password system278: Sys278@2024,SENSITIF
Password system279: Sys279@2024,SENSITIF
Password system280: Sys280@2024,SENSITIF
Selamat atas kesuksesannya,TIDAK_SENSITIF
Hari ini ada acara wisuda,TIDAK_SENSITIF
Terima kasih atas waktunya,TIDAK_SENSITIF
Silakan cek email untuk update,TIDAK_SENSITIF
Hari ini jadwal ujian susulan,TIDAK_SENSITIF
Selamat atas promosinya,TIDAK_SENSITIF
Perpustakaan tutup hari libur,TIDAK_SENSITIF
Terima kasih atas supportnya,TIDAK_SENSITIF
Hari ini ada seminar nasional,TIDAK_SENSITIF
Hari ini ada kegiatan ke-1,TIDAK_SENSITIF
Hari ini ada kegiatan ke-2,TIDAK_SENSITIF
Hari ini ada kegiatan ke-3,TIDAK_SENSITIF
Hari ini ada kegiatan ke-4,TIDAK_SENSITIF
Hari ini ada kegiatan ke-5,TIDAK_SENSITIF
Hari ini ada kegiatan ke-6,TIDAK_SENSITIF
Hari ini ada kegiatan ke-7,TIDAK_SENSITIF
Hari ini ada kegiatan ke-8,TIDAK_SENSITIF
Hari ini ada kegiatan ke-9,TIDAK_SENSITIF
Hari ini ada kegiatan ke-10,TIDAK_SENSITIF
Hari ini ada kegiatan ke-11,TIDAK_SENSITIF
Hari ini ada kegiatan ke-12,TIDAK_SENSITIF
Hari ini ada kegiatan ke-13,TIDAK_SENSITIF
Hari ini ada kegiatan ke-14,TIDAK_SENSITIF
Hari ini ada kegiatan ke-15,TIDAK_SENSITIF
Hari ini ada kegiatan ke-16,TIDAK_SENSITIF
Hari ini ada kegiatan ke-17,TIDAK_SENSITIF
Hari ini ada kegiatan ke-18,TIDAK_SENSITIF
Hari ini ada kegiatan ke-19,TIDAK_SENSITIF
Hari ini ada kegiatan ke-20,TIDAK_SENSITIF
Hari ini ada kegiatan ke-21,TIDAK_SENSITIF
Hari ini ada kegiatan ke-22,TIDAK_SENSITIF
Hari ini ada kegiatan ke-23,TIDAK_SENSITIF
Hari ini ada kegiatan ke-24,TIDAK_SENSITIF
Hari ini ada kegiatan ke-25,TIDAK_SENSITIF
Hari ini ada kegiatan ke-26,TIDAK_SENSITIF
Hari ini ada kegiatan ke-27,TIDAK_SENSITIF
Hari ini ada kegiatan ke-28,TIDAK_SENSITIF
Hari ini ada kegiatan ke-29,TIDAK_SENSITIF
Hari ini ada kegiatan ke-30,TIDAK_SENSITIF
Hari ini ada kegiatan ke-31,TIDAK_SENSITIF
Hari ini ada kegiatan ke-32,TIDAK_SENSITIF
Hari ini ada kegiatan ke-33,TIDAK_SENSITIF
Hari ini ada kegiatan ke-34,TIDAK_SENSITIF
Hari ini ada kegiatan ke-35,TIDAK_SENSITIF
Hari ini ada kegiatan ke-36,TIDAK_SENSITIF
Hari ini ada kegiatan ke-37,TIDAK_SENSITIF
Hari ini ada kegiatan ke-38,TIDAK_SENSITIF
Hari ini ada kegiatan ke-39,TIDAK_SENSITIF
Hari ini ada kegiatan ke-40,TIDAK_SENSITIF
Hari ini ada kegiatan ke-41,TIDAK_SENSITIF
Hari ini ada kegiatan ke-42,TIDAK_SENSITIF
Hari ini ada kegiatan ke-43,TIDAK_SENSITIF
Hari ini ada kegiatan ke-44,TIDAK_SENSITIF
Hari ini ada kegiatan ke-45,TIDAK_SENSITIF
Hari ini ada kegiatan ke-46,TIDAK_SENSITIF
Hari ini ada kegiatan ke-47,TIDAK_SENSITIF
Hari ini ada kegiatan ke-48,TIDAK_SENSITIF
Hari ini ada kegiatan ke-49,TIDAK_SENSITIF
Hari ini ada kegiatan ke-50,TIDAK_SENSITIF
Hari ini ada kegiatan ke-51,TIDAK_SENSITIF
Hari ini ada kegiatan ke-52,TIDAK_SENSITIF
Hari ini ada kegiatan ke-53,TIDAK_SENSITIF
Hari ini ada kegiatan ke-54,TIDAK_SENSITIF
Hari ini ada kegiatan ke-55,TIDAK_SENSITIF
Hari ini ada kegiatan ke-56,TIDAK_SENSITIF
Hari ini ada kegiatan ke-57,TIDAK_SENSITIF
Hari ini ada kegiatan ke-58,TIDAK_SENSITIF
Hari ini ada kegiatan ke-59,TIDAK_SENSITIF
Hari ini ada kegiatan ke-60,TIDAK_SENSITIF
Hari ini ada kegiatan ke-61,TIDAK_SENSITIF
Hari ini ada kegiatan ke-62,TIDAK_SENSITIF
Hari ini ada kegiatan ke-63,TIDAK_SENSITIF
Hari ini ada kegiatan ke-64,TIDAK_SENSITIF
Hari ini ada kegiatan ke-65,TIDAK_SENSITIF
Hari ini ada kegiatan ke-66,TIDAK_SENSITIF
Hari ini ada kegiatan ke-67,TIDAK_SENSITIF
Hari ini ada kegiatan ke-68,TIDAK_SENSITIF
Hari ini ada kegiatan ke-69,TIDAK_SENSITIF
Hari ini ada kegiatan ke-70,TIDAK_SENSITIF
Hari ini ada kegiatan ke-71,TIDAK_SENSITIF
Hari ini ada kegiatan ke-72,TIDAK_SENSITIF
Hari ini ada kegiatan ke-73,TIDAK_SENSITIF
Hari ini ada kegiatan ke-74,TIDAK_SENSITIF
Hari ini ada kegiatan ke-75,TIDAK_SENSITIF
Hari ini ada kegiatan ke-76,TIDAK_SENSITIF
Hari ini ada kegiatan ke-77,TIDAK_SENSITIF
Hari ini ada kegiatan ke-78,TIDAK_SENSITIF
Hari ini ada kegiatan ke-79,TIDAK_SENSITIF
Hari ini ada kegiatan ke-80,TIDAK_SENSITIF
Hari ini ada kegiatan ke-81,TIDAK_SENSITIF
Hari ini ada kegiatan ke-82,TIDAK_SENSITIF
Hari ini ada kegiatan ke-83,TIDAK_SENSITIF
Hari ini ada kegiatan ke-84,TIDAK_SENSITIF
Hari ini ada kegiatan ke-85,TIDAK_SENSITIF
Hari ini ada kegiatan ke-86,TIDAK_SENSITIF
Hari ini ada kegiatan ke-87,TIDAK_SENSITIF
Hari ini ada kegiatan ke-88,TIDAK_SENSITIF
Hari ini ada kegiatan ke-89,TIDAK_SENSITIF
Hari ini ada kegiatan ke-90,TIDAK_SENSITIF
Hari ini ada kegiatan ke-91,TIDAK_SENSITIF
Hari ini ada kegiatan ke-92,TIDAK_SENSITIF
Hari ini ada kegiatan ke-93,TIDAK_SENSITIF
Hari ini ada kegiatan ke-94,TIDAK_SENSITIF
Hari ini ada kegiatan ke-95,TIDAK_SENSITIF
Hari ini ada kegiatan ke-96,TIDAK_SENSITIF
Hari ini ada kegiatan ke-97,TIDAK_SENSITIF
Hari ini ada kegiatan ke-98,TIDAK_SENSITIF
Hari ini ada kegiatan ke-99,TIDAK_SENSITIF
Hari ini ada kegiatan ke-100,TIDAK_SENSITIF
Hari ini ada kegiatan ke-101,TIDAK_SENSITIF
Hari ini ada kegiatan ke-102,TIDAK_SENSITIF
Hari ini ada kegiatan ke-103,TIDAK_SENSITIF
Hari ini ada kegiatan ke-104,TIDAK_SENSITIF
Hari ini ada kegiatan ke-105,TIDAK_SENSITIF
Hari ini ada kegiatan ke-106,TIDAK_SENSITIF
Hari ini ada kegiatan ke-107,TIDAK_SENSITIF
Hari ini ada kegiatan ke-108,TIDAK_SENSITIF
Hari ini ada kegiatan ke-109,TIDAK_SENSITIF
Hari ini ada kegiatan ke-110,TIDAK_SENSITIF
Hari ini ada kegiatan ke-111,TIDAK_SENSITIF
Hari ini ada kegiatan ke-112,TIDAK_SENSITIF
Hari ini ada kegiatan ke-113,TIDAK_SENSITIF
Hari ini ada kegiatan ke-114,TIDAK_SENSITIF
Hari ini ada kegiatan ke-115,TIDAK_SENSITIF
Hari ini ada kegiatan ke-116,TIDAK_SENSITIF
Hari ini ada kegiatan ke-117,TIDAK_SENSITIF
Hari ini ada kegiatan ke-118,TIDAK_SENSITIF
Hari ini ada kegiatan ke-119,TIDAK_SENSITIF
Hari ini ada kegiatan ke-120,TIDAK_SENSITIF
Hari ini ada kegiatan ke-121,TIDAK_SENSITIF
Hari ini ada kegiatan ke-122,TIDAK_SENSITIF
Hari ini ada kegiatan ke-123,TIDAK_SENSITIF
Hari ini ada kegiatan ke-124,TIDAK_SENSITIF
Hari ini ada kegiatan ke-125,TIDAK_SENSITIF
Hari ini ada kegiatan ke-126,TIDAK_SENSITIF
Hari ini ada kegiatan ke-127,TIDAK_SENSITIF
Hari ini ada kegiatan ke-128,TIDAK_SENSITIF
Hari ini ada kegiatan ke-129,TIDAK_SENSITIF
Hari ini ada kegiatan ke-130,TIDAK_SENSITIF
Hari ini ada kegiatan ke-131,TIDAK_SENSITIF
Hari ini ada kegiatan ke-132,TIDAK_SENSITIF
Hari ini ada kegiatan ke-133,TIDAK_SENSITIF
Hari ini ada kegiatan ke-134,TIDAK_SENSITIF
Hari ini ada kegiatan ke-135,TIDAK_SENSITIF
Hari ini ada kegiatan ke-136,TIDAK_SENSITIF
Hari ini ada kegiatan ke-137,TIDAK_SENSITIF
Hari ini ada kegiatan ke-138,TIDAK_SENSITIF
Hari ini ada kegiatan ke-139,TIDAK_SENSITIF
Hari ini ada kegiatan ke-140,TIDAK_SENSITIF
Hari ini ada kegiatan ke-141,TIDAK_SENSITIF
Hari ini ada kegiatan ke-142,TIDAK_SENSITIF
Hari ini ada kegiatan ke-143,TIDAK_SENSITIF
Hari ini ada kegiatan ke-144,TIDAK_SENSITIF
Hari ini ada kegiatan ke-145,TIDAK_SENSITIF
Hari ini ada kegiatan ke-146,TIDAK_SENSITIF
Hari ini ada kegiatan ke-147,TIDAK_SENSITIF
Hari ini ada kegiatan ke-148,TIDAK_SENSITIF
Hari ini ada kegiatan ke-149,TIDAK_SENSITIF
Hari ini ada kegiatan ke-150,TIDAK_SENSITIF
Hari ini ada kegiatan ke-151,TIDAK_SENSITIF
Hari ini ada kegiatan ke-152,TIDAK_SENSITIF
Hari ini ada kegiatan ke-153,TIDAK_SENSITIF
Hari ini ada kegiatan ke-154,TIDAK_SENSITIF
Hari ini ada kegiatan ke-155,TIDAK_SENSITIF
Hari ini ada kegiatan ke-156,TIDAK_SENSITIF
Hari ini ada kegiatan ke-157,TIDAK_SENSITIF
Hari ini ada kegiatan ke-158,TIDAK_SENSITIF
Hari ini ada kegiatan ke-159,TIDAK_SENSITIF
Hari ini ada kegiatan ke-160,TIDAK_SENSITIF
Hari ini ada kegiatan ke-161,TIDAK_SENSITIF
Hari ini ada kegiatan ke-162,TIDAK_SENSITIF
Hari ini ada kegiatan ke-163,TIDAK_SENSITIF
Hari ini ada kegiatan ke-164,TIDAK_SENSITIF
Hari ini ada kegiatan ke-165,TIDAK_SENSITIF
Hari ini ada kegiatan ke-166,TIDAK_SENSITIF
Hari ini ada kegiatan ke-167,TIDAK_SENSITIF
Hari ini ada kegiatan ke-168,TIDAK_SENSITIF
Hari ini ada kegiatan ke-169,TIDAK_SENSITIF
Hari ini ada kegiatan ke-170,TIDAK_SENSITIF
Hari ini ada kegiatan ke-171,TIDAK_SENSITIF
Hari ini ada kegiatan ke-172,TIDAK_SENSITIF
Hari ini ada kegiatan ke-173,TIDAK_SENSITIF
Hari ini ada kegiatan ke-174,TIDAK_SENSITIF
Hari ini ada kegiatan ke-175,TIDAK_SENSITIF
Hari ini ada kegiatan ke-176,TIDAK_SENSITIF
Hari ini ada kegiatan ke-177,TIDAK_SENSITIF
Hari ini ada kegiatan ke-178,TIDAK_SENSITIF
Hari ini ada kegiatan ke-179,TIDAK_SENSITIF
Hari ini ada kegiatan ke-180,TIDAK_SENSITIF
Hari ini ada kegiatan ke-181,TIDAK_SENSITIF
Hari ini ada kegiatan ke-182,TIDAK_SENSITIF
Hari ini ada kegiatan ke-183,TIDAK_SENSITIF
Hari ini ada kegiatan ke-184,TIDAK_SENSITIF
Hari ini ada kegiatan ke-185,TIDAK_SENSITIF
Hari ini ada kegiatan ke-186,TIDAK_SENSITIF
Hari ini ada kegiatan ke-187,TIDAK_SENSITIF
Hari ini ada kegiatan ke-188,TIDAK_SENSITIF
Hari ini ada kegiatan ke-189,TIDAK_SENSITIF
Hari ini ada kegiatan ke-190,TIDAK_SENSITIF
