"Comment ID","Reply to Which Comment","User ID","Username","Nick Name","Comment","Comment Time","Digg Count","Author Digged","Reply Count","Pinned to Top","User Homepage"
"=""7638978153158902546""","","=""6895183644127773697""","ahmdsybni_","syaebanii_","uda liat di tasyaaimupp20","12/5/2026, 19.16.46","8","No","1","No","https://www.tiktok.com/@ahmdsybni_"
"=""7641111132778971922""","=""7638978153158902546""","=""7124089716869514242""","snpamungkas93","SNpamungkas93","kirim lewat DM bg","18/5/2026, 13.14.00","0","No","","","https://www.tiktok.com/@snpamungkas93"
"=""7637182480219570951""","","=""7230431126254240769""","rayyanarfinza","Dryann.","asli pink kalo ini","7/5/2026, 23.08.47","225","Yes","12","No","https://www.tiktok.com/@rayyanarfinza"
"=""7637308540290663175""","=""7637182480219570951""","=""7366224130393605125""","jay.wanggaii","_bangsa MALASia🗿","hytam jir udah jelas juga di vid🗿","8/5/2026, 07.17.59","59","Yes","","","https://www.tiktok.com/@jay.wanggaii"
"=""7637535591965770516""","=""7637182480219570951""","=""6640461449986080770""","paitk0pii","paitk0pii","dm ni bro","8/5/2026, 21.58.59","3","No","","","https://www.tiktok.com/@paitk0pii"
"=""7637451685471896337""","=""7637182480219570951""","=""7513019916447302664""","baechun4","Ki ogal agil","kriting juga","8/5/2026, 16.33.20","2","No","","","https://www.tiktok.com/@baechun4"
"=""7638936117966996244""","=""7637182480219570951""","=""7426176976509338630""","bujec1","V","Bagi bg😂","12/5/2026, 16.33.54","1","No","","","https://www.tiktok.com/@bujec1"
"=""7637513943489151765""","=""7637182480219570951""","=""7071879733634761730""","wongasor6666","user.12345678910","dm murah aj","8/5/2026, 20.37.30","2","No","","","https://www.tiktok.com/@wongasor6666"
"=""7637527452780217096""","=""7637182480219570951""","=""7230431126254240769""","rayyanarfinza","Dryann.","kenapa harus bayar padal kalo dm gua. gua kasih gratis","8/5/2026, 21.27.20","2","No","","","https://www.tiktok.com/@rayyanarfinza"
"=""7637444988620899079""","=""7637182480219570951""","=""6575640679618936837""","ilmlluthfi_","luthfii","dm","8/5/2026, 16.13.00","1","No","","","https://www.tiktok.com/@ilmlluthfi_"
"=""7639552909424034568""","=""7637182480219570951""","=""7054850912385778714""","usernametian","Tian.","hytam bang aslinya pas di unboxing","14/5/2026, 08.27.13","0","No","","","https://www.tiktok.com/@usernametian"
"=""7639350753094910741""","=""7637182480219570951""","=""6870387980508546050""","aleix_deangelis","ganesha exct.","masih seret dan berpasir bro😂😂","13/5/2026, 19.22.56","0","No","","","https://www.tiktok.com/@aleix_deangelis"
"=""7638468572389917448""","=""7637182480219570951""","=""7066057393884496897""","bellafarins","bella fara farins","item bezir","11/5/2026, 10.19.27","0","No","","","https://www.tiktok.com/@bellafarins"
"=""7637651573435286288""","=""7637182480219570951""","=""6679926686744773633""","pemilikhati08","𝙎𝙖𝙣𝙙𝙬𝙞𝙘𝙝","@Lestari @DM95 @RH","9/5/2026, 05.30.07","0","No","","","https://www.tiktok.com/@pemilikhati08"
"=""7637345595241644801""","","=""6958740485508006918""","khaizzarr","khaizar","udah liat 17mnt","8/5/2026, 09.41.42","62","Yes","34","No","https://www.tiktok.com/@khaizzarr"
"=""7637376303797043984""","=""7637345595241644801""","=""6958740485508006918""","khaizzarr","khaizar","dm","8/5/2026, 11.40.55","5","Yes","","","https://www.tiktok.com/@khaizzarr"
"=""7637394740594082567""","=""7637345595241644801""","=""7526593549137150997""","dittttttttt184","?","mana","8/5/2026, 12.52.27","1","No","","","https://www.tiktok.com/@dittttttttt184"
"=""7637617554492179220""","=""7637345595241644801""","=""7072968129919534081""","umarulfaruk782","boy ler","pe","9/5/2026, 03.17.11","1","No","","","https://www.tiktok.com/@umarulfaruk782"
"=""7637733302740566801""","=""7637345595241644801""","=""7636365714105861121""","rully.yang.mulia","rully yang mulia","dm","9/5/2026, 10.46.15","0","No","","","https://www.tiktok.com/@rully.yang.mulia"
"=""7638550535558529813""","=""7637345595241644801""","=""7331262353927521282""","awanstecu.id","awanstecu.id","Liat bang","11/5/2026, 15.37.40","1","No","","","https://www.tiktok.com/@awanstecu.id"
"=""7637428446620173064""","=""7637345595241644801""","=""7127553213109437445""","baribariest","bariest","bayar ga","8/5/2026, 15.03.10","2","No","","","https://www.tiktok.com/@baribariest"
"=""7637379605032764180""","=""7637345595241644801""","=""7118283645290333190""","tmaaditya","🫀","minta dong","8/5/2026, 11.53.48","2","Yes","","","https://www.tiktok.com/@tmaaditya"
"=""7637853784065344274""","=""7637345595241644801""","=""7627701151470846983""","motoriting","Moto Riting","dm","9/5/2026, 18.38.39","0","No","","","https://www.tiktok.com/@motoriting"
"=""7637650083168994068""","=""7637345595241644801""","=""7634873675666408468""","cek.dibiyo4","cek dibiyo","barusan gw dah liat di tiktok @cyek dibyokuu","9/5/2026, 05.23.27","0","No","","","https://www.tiktok.com/@cek.dibiyo4"
"=""7638626743787897618""","=""7637345595241644801""","=""6965138766399325185""","senja_lampura","KURIR KILAT","udh gw dm","11/5/2026, 20.33.07","0","No","","","https://www.tiktok.com/@senja_lampura"
"=""7637528470225978133""","=""7637345595241644801""","=""6932530983708394498""","rdn.ah","mas mbarep","inpo😅","8/5/2026, 21.31.20","1","No","","","https://www.tiktok.com/@rdn.ah"
"=""7637528582966133521""","=""7637345595241644801""","=""6958740485508006918""","khaizzarr","khaizar","dm","8/5/2026, 21.31.49","2","No","","","https://www.tiktok.com/@khaizzarr"
"=""7637387908946019080""","=""7637345595241644801""","=""6851937403449361410""","rosidbangkalan","ROLAN","dm bang aq ada vidionya","8/5/2026, 12.26.02","2","No","","","https://www.tiktok.com/@rosidbangkalan"
"=""7638274422637757191""","=""7637345595241644801""","=""7095223967863473154""","ricko_ps09","￶￶","bgi yg 17 mnit","10/5/2026, 21.45.56","1","No","","","https://www.tiktok.com/@ricko_ps09"
"=""7638274962064130832""","=""7637345595241644801""","=""6958740485508006918""","khaizzarr","khaizar","dm aja","10/5/2026, 21.48.07","0","No","","","https://www.tiktok.com/@khaizzarr"
"=""7638110507976049415""","=""7637345595241644801""","=""6870482850220033025""","novalsyaiful5678","NovallAja","kirim bang","10/5/2026, 11.10.07","1","No","","","https://www.tiktok.com/@novalsyaiful5678"
"=""7637916422462571284""","=""7637345595241644801""","=""7100161026402026523""","useernamee123483",".......","bagi bang","9/5/2026, 22.36.47","1","No","","","https://www.tiktok.com/@useernamee123483"
"=""7637918380229935889""","=""7637345595241644801""","=""6958740485508006918""","khaizzarr","khaizar","dm","9/5/2026, 22.44.21","0","No","","","https://www.tiktok.com/@khaizzarr"
"=""7637542914868232968""","=""7637345595241644801""","=""7618925515348427794""","teguhwahyudi119","𝙏𝙀𝙂𝙐𝙃𝘽𝙐𝙆𝘼𝙉𝙏𝙀𝙂𝘼𝙍","bgi bng🗿","8/5/2026, 22.27.20","1","No","","","https://www.tiktok.com/@teguhwahyudi119"
"=""7637511167212405522""","=""7637345595241644801""","=""6933208644138337282""","ariansyah1980","L TOR","minta bng","8/5/2026, 20.24.11","1","No","","","https://www.tiktok.com/@ariansyah1980"
"=""7637498486740796168""","=""7637345595241644801""","=""7023784210113545217""","iswahyudisyetanmer","iswahyudisyetanmerah765","minta krim donk","8/5/2026, 19.34.56","1","No","","","https://www.tiktok.com/@iswahyudisyetanmer"
"=""7639351854674117397""","=""7637345595241644801""","=""7047573712249504769""","royhandson","Roy Handson","dm","13/5/2026, 19.27.07","0","No","","","https://www.tiktok.com/@royhandson"
"=""7639363905488487186""","=""7637345595241644801""","=""7023784210113545217""","iswahyudisyetanmer","iswahyudisyetanmerah765","gratis kak","13/5/2026, 20.13.47","0","No","","","https://www.tiktok.com/@iswahyudisyetanmer"
"=""7639366801755276052""","=""7637345595241644801""","=""7047573712249504769""","royhandson","Roy Handson","5k aja","13/5/2026, 20.25.04","0","No","","","https://www.tiktok.com/@royhandson"
"=""7637459205512037136""","=""7637345595241644801""","=""6959163812915414017""","mamad_gowo_d","cita citane tani","bagi bang","8/5/2026, 17.02.36","1","No","","","https://www.tiktok.com/@mamad_gowo_d"
"=""7637461798928646913""","=""7637345595241644801""","=""6958740485508006918""","khaizzarr","khaizar","dm","8/5/2026, 17.12.35","0","No","","","https://www.tiktok.com/@khaizzarr"
"=""7637448938409296661""","=""7637345595241644801""","=""6662452232690909185""","anarqq99","AA1994E","dr PDA kena PHP. donwload vpn terus masuk ke gogle .ketik duckduckgo .tingal cari","8/5/2026, 16.22.52","1","No","","","https://www.tiktok.com/@anarqq99"
"=""7637428365461668615""","=""7637345595241644801""","=""7051877193601614850""","chullah_23","chull","kirim","8/5/2026, 15.02.56","1","No","","","https://www.tiktok.com/@chullah_23"
"=""7637854458294928136""","=""7637345595241644801""","=""7627701151470846983""","motoriting","Moto Riting","dm","9/5/2026, 18.39.30","0","No","","","https://www.tiktok.com/@motoriting"
"=""7641540354437972756""","=""7637345595241644801""","=""7477659364356178965""","dull18920","guru bahasa Inggris viral","yg mau sini😁","19/5/2026, 16.59.38","0","No","","","https://www.tiktok.com/@dull18920"
"=""7638047962157056769""","=""7637345595241644801""","=""236305868613722112""","joyboy99d","Lapendos","dm","10/5/2026, 07.07.38","0","No","","","https://www.tiktok.com/@joyboy99d"
"=""7637513836107137813""","=""7637345595241644801""","=""7071879733634761730""","wongasor6666","user.12345678910","dm","8/5/2026, 20.37.37","0","No","","","https://www.tiktok.com/@wongasor6666"
"=""7637484942587855617""","=""7637345595241644801""","=""7052341541436146689""","jaypark95_","Fitra","dm dong bng","8/5/2026, 18.42.27","0","No","","","https://www.tiktok.com/@jaypark95_"
"=""7637445248298484488""","=""7637345595241644801""","=""6575640679618936837""","ilmlluthfi_","luthfii","dm bg","8/5/2026, 16.13.06","0","No","","","https://www.tiktok.com/@ilmlluthfi_"
"=""7637423383949853457""","=""7637345595241644801""","=""6958740485508006918""","khaizzarr","khaizar","dm","8/5/2026, 14.43.38","0","No","","","https://www.tiktok.com/@khaizzarr"
"=""7639252202322838279""","=""7637345595241644801""","=""7624481512507376658""","alex.1234699","alex 1234","minta videonya nya bang🥺😅","13/5/2026, 13.00.22","1","No","","","https://www.tiktok.com/@alex.1234699"
"=""7638781970457527057""","=""7637345595241644801""","=""7605867329722205204""","haniiii_2234","haniiii_2234","bagi dong dek
Dm ya","12/5/2026, 06.36.08","1","No","","","https://www.tiktok.com/@haniiii_2234"
"=""7638789113244451601""","=""7637345595241644801""","=""6958740485508006918""","khaizzarr","khaizar","dm aja","12/5/2026, 07.03.26","0","No","","","https://www.tiktok.com/@khaizzarr"
"=""7641500455817839361""","=""7637345595241644801""","=""6958740485508006918""","khaizzarr","khaizar","dm sini","19/5/2026, 14.24.45","0","No","","","https://www.tiktok.com/@khaizzarr"
"=""7638819494206767880""","","=""7623741791263966226""","laudyaaml37","laudyaaml37","Aku punya nih gratis","12/5/2026, 09.01.16","5","No","11","No","https://www.tiktok.com/@laudyaaml37"
"=""7639350403977429767""","=""7638819494206767880""","=""7041198084559356929""","akhmadfadhil581","fadhil","bagi bang","13/5/2026, 19.21.22","1","No","","","https://www.tiktok.com/@akhmadfadhil581"
"=""7639351978485777173""","=""7638819494206767880""","=""7047573712249504769""","royhandson","Roy Handson","dm","13/5/2026, 19.27.37","0","No","","","https://www.tiktok.com/@royhandson"
"=""7639617020536226561""","=""7638819494206767880""","=""6955033741647987717""","sjw116","pribumi tamvan 12","DM co ada gw wkwk😂","14/5/2026, 12.36.37","0","No","","","https://www.tiktok.com/@sjw116"
"=""7639020451315286805""","=""7638819494206767880""","=""7490443143583794183""","bram.the.cooll","Wong MBREBET","Bagi dong bang","12/5/2026, 22.01.08","1","No","","","https://www.tiktok.com/@bram.the.cooll"
"=""7639032339590710034""","=""7638819494206767880""","=""7623741791263966226""","laudyaaml37","laudyaaml37","Dm","12/5/2026, 22.47.06","0","No","","","https://www.tiktok.com/@laudyaaml37"
"=""7639320269598180103""","=""7638819494206767880""","=""6970614409127740417""","keyy__002","Bett_","Cek dm bg","13/5/2026, 17.24.30","0","No","","","https://www.tiktok.com/@keyy__002"
"=""7639353069814252296""","=""7638819494206767880""","=""7623741791263966226""","laudyaaml37","laudyaaml37","Done","13/5/2026, 19.31.43","0","No","","","https://www.tiktok.com/@laudyaaml37"
"=""7643113426307531541""","=""7638819494206767880""","=""7617919819087053844""","howeh_hoo","PROST😎","cek dm bang","23/5/2026, 22.44.01","0","No","","","https://www.tiktok.com/@howeh_hoo"
"=""7642270115475751698""","=""7638819494206767880""","=""7494653750381446151""","nskwnw3","Nskwnw","Cek dm bang","21/5/2026, 16.11.20","0","No","","","https://www.tiktok.com/@nskwnw3"
"=""7639869426330387221""","=""7638819494206767880""","=""6819435205192352770""","edy_leuhery","PinkyBoy","bagi dong bang","15/5/2026, 04.55.44","0","No","","","https://www.tiktok.com/@edy_leuhery"
"=""7639005457033511701""","=""7638819494206767880""","=""7283417751681582085""","foxzy.is.back","DoubleClick","mantap🤣","12/5/2026, 21.02.48","0","No","","","https://www.tiktok.com/@foxzy.is.back"
"=""7643403024966697748""","","=""6885265339283162113""","adhitya_1190","adhitya","njir lah keinget 19 menit kan☺️","24/5/2026, 17.32.33","0","No","0","No","https://www.tiktok.com/@adhitya_1190"
"=""7642779484903392020""","","=""7557931949139297287""","punyakamuu1321","kai","info yg pny","23/5/2026, 01.08.09","0","No","3","No","https://www.tiktok.com/@punyakamuu1321"
"=""7643131293387588359""","=""7642779484903392020""","=""6982853423263728641""","anggadwi642","anggadwi642","dm","23/5/2026, 23.53.10","0","No","","","https://www.tiktok.com/@anggadwi642"
"=""7643042274340160263""","=""7642779484903392020""","=""7636010357769192468""","pawlen38","amelnich","sini","23/5/2026, 18.07.46","0","No","","","https://www.tiktok.com/@pawlen38"
"=""7642845206358246160""","=""7642779484903392020""","=""7636359992538383376""","narasi372","Narasi","ada gw 16 video lengkap","23/5/2026, 05.23.29","0","No","","","https://www.tiktok.com/@narasi372"
"=""7637364429211288341""","","=""6959078088681587717""","salsabilaaaa708","malkistabon","udah nonton full 17 menit😂","8/5/2026, 10.54.53","11","Yes","15","No","https://www.tiktok.com/@salsabilaaaa708"
"=""7638193698874393362""","=""7637364429211288341""","=""6940375224702780418""","store_fu_dohc","Fu DOHC STORE","Bgi donk","10/5/2026, 16.32.44","1","No","","","https://www.tiktok.com/@store_fu_dohc"
"=""7638312431001223943""","=""7637364429211288341""","=""7607423031095542792""","bonzina0","kinoraaa","DM aja","11/5/2026, 00.13.29","0","No","","","https://www.tiktok.com/@bonzina0"
"=""7638967321118180097""","=""7637364429211288341""","=""7458900373592818694""","kholil.alfiansyah","Muhammad Kholil","bgi","12/5/2026, 18.35.06","1","No","","","https://www.tiktok.com/@kholil.alfiansyah"
"=""7638967494593872661""","=""7637364429211288341""","=""6959078088681587717""","salsabilaaaa708","malkistabon","inbok","12/5/2026, 18.35.34","1","No","","","https://www.tiktok.com/@salsabilaaaa708"
"=""7638967669010760455""","=""7637364429211288341""","=""7607423031095542792""","bonzina0","kinoraaa","DM","12/5/2026, 18.36.15","0","No","","","https://www.tiktok.com/@bonzina0"
"=""7637403609148441345""","=""7637364429211288341""","=""7003590297206014981""","user1954609914569","United ti'll we die","nontonnya dimana yah","8/5/2026, 13.33.18","1","No","","","https://www.tiktok.com/@user1954609914569"
"=""7637716807311393557""","=""7637364429211288341""","=""7071879733634761730""","wongasor6666","user.12345678910","dm","9/5/2026, 09.48.22","0","No","","","https://www.tiktok.com/@wongasor6666"
"=""7638088147176817429""","=""7637364429211288341""","=""7554013384586511378""","faii_ctk._","1cheeznn_","dm aku","10/5/2026, 09.43.28","0","No","","","https://www.tiktok.com/@faii_ctk._"
"=""7637386727036502792""","=""7637364429211288341""","=""7097272205772014593""","achmadiibram","achmadiibram","mulusss","8/5/2026, 12.21.18","1","Yes","","","https://www.tiktok.com/@achmadiibram"
"=""7639567598396605204""","=""7637364429211288341""","=""7638201424857416705""","riariciss762","Riariciss","minta","14/5/2026, 09.24.19","0","No","","","https://www.tiktok.com/@riariciss762"
"=""7638047906335818497""","=""7637364429211288341""","=""236305868613722112""","joyboy99d","Lapendos","dm","10/5/2026, 07.07.45","0","No","","","https://www.tiktok.com/@joyboy99d"
"=""7638131609577194256""","=""7637364429211288341""","=""7166543381908735002""","baronn2476","baron","dm aja, 10k gas","10/5/2026, 12.32.02","0","No","","","https://www.tiktok.com/@baronn2476"
"=""7638312441961546504""","=""7637364429211288341""","=""7607423031095542792""","bonzina0","kinoraaa","dm aja","11/5/2026, 00.13.34","0","No","","","https://www.tiktok.com/@bonzina0"
"=""7637364510295311124""","=""7637364429211288341""","=""7631524741345592321""","mencobasetia3","Mencobasetia","aku juga punya 17 menit😁","8/5/2026, 10.55.22","0","No","","","https://www.tiktok.com/@mencobasetia3"
"=""7638132464733553415""","","=""6801874102934193154""","mamypoko2666","mamypoko","berapa video sih dia ni","10/5/2026, 12.35.11","3","No","4","No","https://www.tiktok.com/@mamypoko2666"
"=""7641025290919412497""","=""7638132464733553415""","=""7496919525808948241""","fauzanrajinngaji_","𝕬𝖍𝖒𝖆𝖉 𝕱𝖆𝖚𝖟𝖆𝖓","dm gua punya","18/5/2026, 07.41.05","0","No","","","https://www.tiktok.com/@fauzanrajinngaji_"
"=""7641073993826992914""","=""7638132464733553415""","=""6801874102934193154""","mamypoko2666","mamypoko","udh ketemu bang","18/5/2026, 10.49.49","1","No","","","https://www.tiktok.com/@mamypoko2666"
"=""7641076315642757889""","=""7638132464733553415""","=""7496919525808948241""","fauzanrajinngaji_","𝕬𝖍𝖒𝖆𝖉 𝕱𝖆𝖚𝖟𝖆𝖓","iyaaa","18/5/2026, 10.59.04","0","No","","","https://www.tiktok.com/@fauzanrajinngaji_"
"=""7641076857428968199""","=""7638132464733553415""","=""6801874102934193154""","mamypoko2666","mamypoko","pasti minta bayarkan klopun di dm","18/5/2026, 11.00.52","0","No","","","https://www.tiktok.com/@mamypoko2666"
"=""7638141588388889351""","","=""6959238626052195333""","alif.lam05","Oy","dmna sih bray nyari nya, saya udh mampir ke crom gk dapet😳😳","10/5/2026, 13.10.35","2","No","9","No","https://www.tiktok.com/@alif.lam05"
"=""7638206105538544385""","=""7638141588388889351""","=""7421119746392032261""","user0924291694","Junior","masuk crom, ketik duck duck go, trus di pencarian duck duck go tulis aja tu ""bandar batang","10/5/2026, 17.21.14","1","No","","","https://www.tiktok.com/@user0924291694"
"=""7640147382026945298""","=""7638141588388889351""","=""7402600777723905029""","aqua.botol449","abdl aji","cara dapat link nya gimana om?","15/5/2026, 22.54.05","0","No","","","https://www.tiktok.com/@aqua.botol449"
"=""7641178162097832705""","=""7638141588388889351""","=""7421119746392032261""","user0924291694","Junior","ndk perlu link, ikuti aja yg gua bilang diatas","18/5/2026, 17.34.25","0","No","","","https://www.tiktok.com/@user0924291694"
"=""7641650748619834119""","=""7638141588388889351""","=""7183640580232496129""","al_veee2","Ahli Kubur","Gabisa","20/5/2026, 00.07.52","0","No","","","https://www.tiktok.com/@al_veee2"
"=""7642250241149076240""","=""7638141588388889351""","=""7421119746392032261""","user0924291694","Junior","DM, ntar ku kirim vidio","21/5/2026, 14.54.31","0","No","","","https://www.tiktok.com/@user0924291694"
"=""7639617769822061329""","=""7638141588388889351""","=""6955033741647987717""","sjw116","pribumi tamvan 12","DM co ada gw wkwk😂","14/5/2026, 12.38.58","0","No","","","https://www.tiktok.com/@sjw116"
"=""7641447172063871752""","=""7638141588388889351""","=""7047014285230375938""","y.fathurahman","Feby_FB3","Info bang","19/5/2026, 10.57.55","0","No","","","https://www.tiktok.com/@y.fathurahman"
"=""7638605124302209799""","=""7638141588388889351""","=""7105618502551110683""","sapnore","sapnore","dm","11/5/2026, 19.09.16","0","No","","","https://www.tiktok.com/@sapnore"
"=""7638312396557992711""","=""7638141588388889351""","=""7607423031095542792""","bonzina0","kinoraaa","gw ada DM aja","11/5/2026, 00.13.22","1","No","","","https://www.tiktok.com/@bonzina0"
"=""7639462818999190292""","","=""7230140148347831298""","jiiiiiiiii111","Ji","Punya nih 17 menit + 8 menit","14/5/2026, 02.37.41","0","No","7","No","https://www.tiktok.com/@jiiiiiiiii111"
"=""7641204003925181202""","=""7639462818999190292""","=""6983858099426149378""","paskapbogor","A'nger","kirim","18/5/2026, 19.14.13","0","No","","","https://www.tiktok.com/@paskapbogor"
"=""7641211315479069460""","=""7639462818999190292""","=""7230140148347831298""","jiiiiiiiii111","Ji","Dm","18/5/2026, 19.42.48","0","No","","","https://www.tiktok.com/@jiiiiiiiii111"
"=""7641567049773630216""","=""7639462818999190292""","=""7539600306058396673""","dion.fr19","dion fr","masih bang","19/5/2026, 18.43.07","0","No","","","https://www.tiktok.com/@dion.fr19"
"=""7641568623954264853""","=""7639462818999190292""","=""7230140148347831298""","jiiiiiiiii111","Ji","Masih","19/5/2026, 18.49.18","0","No","","","https://www.tiktok.com/@jiiiiiiiii111"
"=""7640683464388723474""","=""7639462818999190292""","=""7062735987121849345""","mazfahmi05_","FahmiKeju","kirim.bang","17/5/2026, 09.34.28","0","No","","","https://www.tiktok.com/@mazfahmi05_"
"=""7640719786867147540""","=""7639462818999190292""","=""7230140148347831298""","jiiiiiiiii111","Ji","Dm","17/5/2026, 11.55.23","0","No","","","https://www.tiktok.com/@jiiiiiiiii111"
"=""7640720749162382088""","=""7639462818999190292""","=""7062735987121849345""","mazfahmi05_","FahmiKeju","cek","17/5/2026, 11.59.00","0","No","","","https://www.tiktok.com/@mazfahmi05_"
"=""7637414815473992456""","","=""7357670817289372678""","brayen007","brayen","di hp gua mah Lengpa full🤣","8/5/2026, 14.10.16","24","Yes","16","No","https://www.tiktok.com/@brayen007"
"=""7637450105016173320""","=""7637414815473992456""","=""7342082928519349253""","yuvasepdiansyah","Ypa","minta bang hhehe","8/5/2026, 16.27.14","3","Yes","","","https://www.tiktok.com/@yuvasepdiansyah"
"=""7637717018624197396""","=""7637414815473992456""","=""7071879733634761730""","wongasor6666","user.12345678910","dm","9/5/2026, 09.48.32","1","No","","","https://www.tiktok.com/@wongasor6666"
"=""7638828604625994503""","=""7637414815473992456""","=""7609384817629152263""","badboy.joyy45","karkas88","Minta dong bangg😁","12/5/2026, 09.36.37","1","No","","","https://www.tiktok.com/@badboy.joyy45"
"=""7637427625204138760""","=""7637414815473992456""","=""7357670817289372678""","brayen007","brayen","DM""🤣🤣🤣","8/5/2026, 15.00.01","2","No","","","https://www.tiktok.com/@brayen007"
"=""7637428492355814151""","=""7637414815473992456""","=""7127553213109437445""","baribariest","bariest","bayar gak","8/5/2026, 15.03.22","1","No","","","https://www.tiktok.com/@baribariest"
"=""7637442942298407687""","=""7637414815473992456""","=""7357670817289372678""","brayen007","brayen","gratis lah","8/5/2026, 15.59.25","1","No","","","https://www.tiktok.com/@brayen007"
"=""7637550095265530642""","=""7637414815473992456""","=""7127553213109437445""","baribariest","bariest","kirim dm dong bang kali gratis 😂","8/5/2026, 22.55.15","1","No","","","https://www.tiktok.com/@baribariest"
"=""7637589897310503688""","=""7637414815473992456""","=""7201887844226761730""","mfahimn","Fahimnurudin.","send bang","9/5/2026, 01.29.47","1","No","","","https://www.tiktok.com/@mfahimn"
"=""7639352367218885396""","=""7637414815473992456""","=""7047573712249504769""","royhandson","Roy Handson","dm","13/5/2026, 19.29.01","0","No","","","https://www.tiktok.com/@royhandson"
"=""7637519869080011541""","=""7637414815473992456""","=""7594730766103381012""","ik.san195","ik San","bagi dong 😅","8/5/2026, 20.57.56","1","No","","","https://www.tiktok.com/@ik.san195"
"=""7637436931501114119""","=""7637414815473992456""","=""7400747496974255109""","lemperkeju10","cokzzzzzzzzz","udh di DM minta lah","8/5/2026, 15.36.10","1","Yes","","","https://www.tiktok.com/@lemperkeju10"
"=""7637445368851333906""","=""7637414815473992456""","=""6575640679618936837""","ilmlluthfi_","luthfii","dm aja bg","8/5/2026, 16.13.25","0","No","","","https://www.tiktok.com/@ilmlluthfi_"
"=""7637905590858089234""","=""7637414815473992456""","=""7564777127326336007""","mas.fd12","Mas FD","minta bang hhhaa","9/5/2026, 21.54.43","0","No","","","https://www.tiktok.com/@mas.fd12"
"=""7637556207322891009""","=""7637414815473992456""","=""6998852123643462657""","autophile0010","pejuang subuh","@","8/5/2026, 23.19.14","0","No","","","https://www.tiktok.com/@autophile0010"
"=""7643300228829102856""","","=""7468739075929064456""","yantoyanti4153","yanto yanti","sini yang mau","24/5/2026, 10.48.41","0","No","2","No","https://www.tiktok.com/@yantoyanti4153"
"=""7643301879905485585""","=""7643300228829102856""","=""7234580134820758535""","skieee_77","￴ ￴ ￴ ￴ ￴ ￴ ￴ ￴ ￴ ￴","bagi","24/5/2026, 10.55.37","0","No","","","https://www.tiktok.com/@skieee_77"
"=""7643304663248274194""","=""7643300228829102856""","=""7468739075929064456""","yantoyanti4153","yanto yanti","inbox aja bg","24/5/2026, 11.05.52","0","No","","","https://www.tiktok.com/@yantoyanti4153"
"=""7642269178716832528""","","=""7360253241450857489""","fachrivibedrnco4","Ekstrovert 10","info yg punya","21/5/2026, 16.07.55","0","No","4","No","https://www.tiktok.com/@fachrivibedrnco4"
"=""7642277206044050184""","=""7642269178716832528""","=""7536867363071230984""","deniz4karia","DeniZ4karia","ada gua","21/5/2026, 16.38.55","0","No","","","https://www.tiktok.com/@deniz4karia"
"=""7642295289576375041""","=""7642269178716832528""","=""7360253241450857489""","fachrivibedrnco4","Ekstrovert 10","dm","21/5/2026, 17.49.06","1","No","","","https://www.tiktok.com/@fachrivibedrnco4"
"=""7642299629744194322""","=""7642269178716832528""","=""7536867363071230984""","deniz4karia","DeniZ4karia","duluan bg udah ku folow","21/5/2026, 18.05.51","0","No","","","https://www.tiktok.com/@deniz4karia"
"=""7642371421961192199""","=""7642269178716832528""","=""7571744529859429377""","themunk292","TheMunk29","gua bang","21/5/2026, 22.44.30","0","No","","","https://www.tiktok.com/@themunk292"
"=""7637521146963706641""","","=""7311132025117197318""","thomas_julyan","th_jlyn","agak pink","8/5/2026, 21.03.08","1","No","3","No","https://www.tiktok.com/@thomas_julyan"
"=""7637525111084581640""","=""7637521146963706641""","=""7558890982323520530""","alfikrismith_","♠","emg ada yg 17mnt bg?","8/5/2026, 21.18.18","0","No","","","https://www.tiktok.com/@alfikrismith_"
"=""7637854451739001618""","=""7637521146963706641""","=""7627701151470846983""","motoriting","Moto Riting","dm aja","9/5/2026, 18.40.01","0","No","","","https://www.tiktok.com/@motoriting"
"=""7637553711966946055""","=""7637521146963706641""","=""6860108943248999426""","muh.soleh","DS乡ForYou","hitm","8/5/2026, 23.09.12","0","No","","","https://www.tiktok.com/@muh.soleh"
"=""7638149417041085205""","","=""6881262308044391425""","liota02","anti wibu","mana si link nya tolong lah bro","10/5/2026, 13.46.16","2","No","2","No","https://www.tiktok.com/@liota02"
"=""7639618222585725697""","=""7638149417041085205""","=""6955033741647987717""","sjw116","pribumi tamvan 12","DM co ada gw wkwk😂","14/5/2026, 12.41.05","0","No","","","https://www.tiktok.com/@sjw116"
"=""7642306200564040468""","=""7638149417041085205""","=""7074471355584660482""","yani2345224466","yni","pasti mnta byrn","22/5/2026, 05.37.29","0","No","","","https://www.tiktok.com/@yani2345224466"
"=""7638572118796141330""","","=""6937686229014692865""","faiz_wildan3","FaizWildan","aku punya free","11/5/2026, 17.01.13","5","No","12","No","https://www.tiktok.com/@faiz_wildan3"
"=""7641112867803415304""","=""7638572118796141330""","=""7321625974579299334""","kimvia88","kimvia","Minta link nya bos","18/5/2026, 13.20.44","1","No","","","https://www.tiktok.com/@kimvia88"
"=""7641205008021373714""","=""7638572118796141330""","=""6937686229014692865""","faiz_wildan3","FaizWildan","[Stiker] ","18/5/2026, 19.18.10","0","No","","","https://www.tiktok.com/@faiz_wildan3"
"=""7638666431663768340""","=""7638572118796141330""","=""7377763118653277190""","jambret.tampan52","BAdBoy","minta mas","11/5/2026, 23.07.13","1","No","","","https://www.tiktok.com/@jambret.tampan52"
"=""7638806824292778759""","=""7638572118796141330""","=""6937686229014692865""","faiz_wildan3","FaizWildan","dm","12/5/2026, 08.12.09","0","No","","","https://www.tiktok.com/@faiz_wildan3"
"=""7639020672014074645""","=""7638572118796141330""","=""7490443143583794183""","bram.the.cooll","Wong MBREBET","Kirim dong bang","12/5/2026, 22.01.51","0","No","","","https://www.tiktok.com/@bram.the.cooll"
"=""7639020783285977863""","=""7638572118796141330""","=""6937686229014692865""","faiz_wildan3","FaizWildan","inbok","12/5/2026, 22.02.21","1","No","","","https://www.tiktok.com/@faiz_wildan3"
"=""7639238137861358354""","=""7638572118796141330""","=""6937686229014692865""","faiz_wildan3","FaizWildan","dm","13/5/2026, 12.05.48","0","No","","","https://www.tiktok.com/@faiz_wildan3"
"=""7639425173972697874""","=""7638572118796141330""","=""7201887844226761730""","mfahimn","Fahimnurudin.","cek dm mas","14/5/2026, 00.11.34","0","No","","","https://www.tiktok.com/@mfahimn"
"=""7641986043835138837""","=""7638572118796141330""","=""7477659364356178965""","dull18920","guru bahasa Inggris viral","yg mau sini😁","20/5/2026, 21.48.59","0","No","","","https://www.tiktok.com/@dull18920"
"=""7641987150401979144""","=""7638572118796141330""","=""6937686229014692865""","faiz_wildan3","FaizWildan","dm","20/5/2026, 21.53.18","0","No","","","https://www.tiktok.com/@faiz_wildan3"
"=""7639869517137593109""","=""7638572118796141330""","=""6819435205192352770""","edy_leuhery","PinkyBoy","bagi dong bang","15/5/2026, 04.56.08","0","No","","","https://www.tiktok.com/@edy_leuhery"
"=""7639653861087937300""","=""7638572118796141330""","=""7590400190814815233""","chocolatos.chocol0","Doritoszz","kirim donk mas","14/5/2026, 14.59.12","0","No","","","https://www.tiktok.com/@chocolatos.chocol0"
"=""7639311921527653127""","","=""7539986372552754194""","alpinbae98","alpinbae98","info link gratis","13/5/2026, 16.52.05","1","No","1","No","https://www.tiktok.com/@alpinbae98"
"=""7639617590024880897""","=""7639311921527653127""","=""6955033741647987717""","sjw116","pribumi tamvan 12","DM co ada gw wkwk😂","14/5/2026, 12.38.21","0","No","","","https://www.tiktok.com/@sjw116"
"=""7637933094909018900""","","=""7254967105341195269""","oglak.aglik4","Oglak Aglik","orang ini terkenal karena ap ya? ,,, kok sering lewat beranda, (bertny dngan nada lembut)","9/5/2026, 23.41.28","0","No","3","No","https://www.tiktok.com/@oglak.aglik4"
"=""7639618320942547728""","=""7637933094909018900""","=""6955033741647987717""","sjw116","pribumi tamvan 12","ada gw videonya co","14/5/2026, 12.41.40","0","No","","","https://www.tiktok.com/@sjw116"
"=""7643072923288224530""","=""7637933094909018900""","=""6947539671346643970""","syarifilllmaqom","a","cek bg","23/5/2026, 20.06.35","0","No","","","https://www.tiktok.com/@syarifilllmaqom"
"=""7639618325945713425""","=""7637933094909018900""","=""6955033741647987717""","sjw116","pribumi tamvan 12","DM co ada gw wkwk😂","14/5/2026, 12.41.34","0","No","","","https://www.tiktok.com/@sjw116"
"=""7640479430222185236""","","=""7510570824434435089""","videowadibio7","video wa dibio","udh punya full 🗿","16/5/2026, 20.22.39","1","No","6","No","https://www.tiktok.com/@videowadibio7"
"=""7640483984946512657""","=""7640479430222185236""","=""7314999007121605638""","wongkroack","Grand_Midori","kirim lah brody","16/5/2026, 20.40.12","0","No","","","https://www.tiktok.com/@wongkroack"
"=""7640507888759702293""","=""7640479430222185236""","=""7510570824434435089""","videowadibio7","video wa dibio","dm","16/5/2026, 22.13.07","0","No","","","https://www.tiktok.com/@videowadibio7"
"=""7640676259408053009""","=""7640479430222185236""","=""6900892350081254402""","rangers_merah6","罗德明","bagi bang","17/5/2026, 09.06.38","0","No","","","https://www.tiktok.com/@rangers_merah6"
"=""7640681021025796885""","=""7640479430222185236""","=""7510570824434435089""","videowadibio7","video wa dibio","dm","17/5/2026, 09.25.04","0","No","","","https://www.tiktok.com/@videowadibio7"
"=""7640652460311266056""","=""7640479430222185236""","=""7085018265550128133""","arief_k9","Arief K","cek dm bang","17/5/2026, 07.41.17","0","No","","","https://www.tiktok.com/@arief_k9"
"=""7641981733679874837""","=""7640479430222185236""","=""7477659364356178965""","dull18920","guru bahasa Inggris viral","yg mau dm😂","20/5/2026, 21.32.19","0","No","","","https://www.tiktok.com/@dull18920"
"=""7640174730309829392""","","=""6533594934372679682""","abiyudha_","Abie Yudha Wardhana","pro banget anjirr","16/5/2026, 00.40.16","1","No","1","No","https://www.tiktok.com/@abiyudha_"
"=""7640183454306747154""","=""7640174730309829392""","=""7367180646433260549""","ryxuux12","Aryadi","bgi bg","16/5/2026, 01.14.00","1","No","","","https://www.tiktok.com/@ryxuux12"
"=""7638118202468467476""","","=""7571870831220327445""","ssssss0000001","Sssss","Tasya gym 5k aja😁","10/5/2026, 11.40.00","3","No","5","No","https://www.tiktok.com/@ssssss0000001"
"=""7641280823580508935""","=""7638118202468467476""","=""7059662091788272666""","rafitarigan717","Rafie","bagi brp","19/5/2026, 00.12.22","0","No","","","https://www.tiktok.com/@rafitarigan717"
"=""7641281015307436820""","=""7638118202468467476""","=""7571870831220327445""","ssssss0000001","Sssss","dm","19/5/2026, 00.13.19","0","No","","","https://www.tiktok.com/@ssssss0000001"
"=""7638469067015226132""","=""7638118202468467476""","=""6963899399713932293""","fendi.07_","Fendi.a","Sini","11/5/2026, 10.21.24","0","No","","","https://www.tiktok.com/@fendi.07_"
"=""7638605179449131783""","=""7638118202468467476""","=""7105618502551110683""","sapnore","sapnore","dm","11/5/2026, 19.09.28","0","No","","","https://www.tiktok.com/@sapnore"
"=""7637934714351239954""","","=""7105618502551110683""","sapnore","sapnore","gue ada nih wkwk","9/5/2026, 23.47.44","2","No","4","No","https://www.tiktok.com/@sapnore"
"=""7637949180606677778""","=""7637934714351239954""","=""7471238927086306312""","hooligan805","Gabutt","bagii","10/5/2026, 00.43.56","0","No","","","https://www.tiktok.com/@hooligan805"
"=""7638131594583048976""","=""7637934714351239954""","=""7166543381908735002""","baronn2476","baron","dm aja sob, 10k gas full","10/5/2026, 12.32.12","0","No","","","https://www.tiktok.com/@baronn2476"
"=""7637953018513015560""","=""7637934714351239954""","=""7105618502551110683""","sapnore","sapnore","dm","10/5/2026, 00.58.52","0","No","","","https://www.tiktok.com/@sapnore"
"=""7637971308912329480""","=""7637934714351239954""","=""7471238927086306312""","hooligan805","Gabutt","c dm","10/5/2026, 02.09.51","0","No","","","https://www.tiktok.com/@hooligan805"
"=""7639159264783418132""","","=""6897401563200177153""","gataupengenkemars",".","Info yg punya😂","13/5/2026, 07.00.03","4","No","10","No","https://www.tiktok.com/@gataupengenkemars"
"=""7641513416158659348""","=""7639159264783418132""","=""7284837616779150342""","sunn1708","):","dm bro","19/5/2026, 15.15.02","0","No","","","https://www.tiktok.com/@sunn1708"
"=""7641024931232924433""","=""7639159264783418132""","=""7496919525808948241""","fauzanrajinngaji_","𝕬𝖍𝖒𝖆𝖉 𝕱𝖆𝖚𝖟𝖆𝖓","dm","18/5/2026, 07.40.01","0","No","","","https://www.tiktok.com/@fauzanrajinngaji_"
"=""7639940067167617799""","=""7639159264783418132""","=""6575640679618936837""","ilmlluthfi_","luthfii","dm","15/5/2026, 09.35.01","0","No","","","https://www.tiktok.com/@ilmlluthfi_"
"=""7640781744288039701""","=""7639159264783418132""","=""6897401563200177153""","gataupengenkemars",".","Cek","17/5/2026, 15.55.55","0","No","","","https://www.tiktok.com/@gataupengenkemars"
"=""7640371222354248469""","=""7639159264783418132""","=""7386680629679653894""","user3708191204008",".","dm","16/5/2026, 13.26.56","0","No","","","https://www.tiktok.com/@user3708191204008"
"=""7639616723931824913""","=""7639159264783418132""","=""6955033741647987717""","sjw116","pribumi tamvan 12","DM co ada gw wkwk😂","14/5/2026, 12.35.33","0","No","","","https://www.tiktok.com/@sjw116"
"=""7639374014633280263""","=""7639159264783418132""","=""7163930487940449306""","edisptra_","DOTZZ","dm","13/5/2026, 20.53.02","0","No","","","https://www.tiktok.com/@edisptra_"
"=""7639236145364108039""","=""7639159264783418132""","=""7125660479024202753""","bpjskelas8","bpjskelas8","dm","13/5/2026, 11.58.02","0","No","","","https://www.tiktok.com/@bpjskelas8"
"=""7639351234771583752""","=""7639159264783418132""","=""7163930487940449306""","edisptra_","DOTZZ","dm mas udh puny blm","13/5/2026, 19.24.30","0","No","","","https://www.tiktok.com/@edisptra_"
"=""7639785265771643668""","","=""6766597384359101442""","tukang_entup","Muh.Azka Rizqullah","pasti blunder","14/5/2026, 23.28.58","1","No","1","No","https://www.tiktok.com/@tukang_entup"
"=""7640019670356149000""","=""7639785265771643668""","=""6791404955364623361""","yusufdk1212","yusufdk","belum lihat ya??🤭","15/5/2026, 14.38.37","0","No","","","https://www.tiktok.com/@yusufdk1212"
"=""7640370661254497045""","","=""7386680629679653894""","user3708191204008",".","ad nih 17 menit","16/5/2026, 13.26.43","1","No","7","No","https://www.tiktok.com/@user3708191204008"
"=""7640678826081534738""","=""7640370661254497045""","=""7062735987121849345""","mazfahmi05_","FahmiKeju","kirim bang","17/5/2026, 09.16.28","1","No","","","https://www.tiktok.com/@mazfahmi05_"
"=""7640687421940876052""","=""7640370661254497045""","=""7386680629679653894""","user3708191204008",".","dm","17/5/2026, 09.56.43","0","No","","","https://www.tiktok.com/@user3708191204008"
"=""7640717773325730568""","=""7640370661254497045""","=""7062735987121849345""","mazfahmi05_","FahmiKeju","cek","17/5/2026, 11.47.37","1","No","","","https://www.tiktok.com/@mazfahmi05_"
"=""7641504721701815061""","=""7640370661254497045""","=""6958802080832865282""","bimty08","two eyes are looking at you","mana","19/5/2026, 14.41.21","0","No","","","https://www.tiktok.com/@bimty08"
"=""7640962131450594068""","=""7640370661254497045""","=""7253054275630171142""","kekasih_cadangan12","kekasih cadangan","dm","18/5/2026, 03.36.02","0","No","","","https://www.tiktok.com/@kekasih_cadangan12"
"=""7640788460337201940""","=""7640370661254497045""","=""7067959745961427969""","bayongsekota","⚡GUBRAK⚡","bagi bang","17/5/2026, 16.21.54","0","No","","","https://www.tiktok.com/@bayongsekota"
"=""7641540419951952661""","=""7640370661254497045""","=""7477659364356178965""","dull18920","guru bahasa Inggris viral","yg mau dm😂","19/5/2026, 16.59.48","0","No","","","https://www.tiktok.com/@dull18920"
"=""7637291479078568724""","","=""7094058861400736794""","rezafasheng_","rezafasheng_","gw ada","8/5/2026, 06.12.11","2","Yes","5","No","https://www.tiktok.com/@rezafasheng_"
"=""7637543036915155719""","=""7637291479078568724""","=""7618925515348427794""","teguhwahyudi119","𝙏𝙀𝙂𝙐𝙃𝘽𝙐𝙆𝘼𝙉𝙏𝙀𝙂𝘼𝙍","bagi bang","8/5/2026, 22.27.51","1","No","","","https://www.tiktok.com/@teguhwahyudi119"
"=""7637694535007912724""","=""7637291479078568724""","=""7510643653590975496""","muhammadfauzi8273","muhammadfauzi8273","gw ada nih","9/5/2026, 08.22.37","0","No","","","https://www.tiktok.com/@muhammadfauzi8273"
"=""7637737003300487943""","=""7637291479078568724""","=""7618925515348427794""","teguhwahyudi119","𝙏𝙀𝙂𝙐𝙃𝘽𝙐𝙆𝘼𝙉𝙏𝙀𝙂𝘼𝙍","bagi bng","9/5/2026, 11.00.38","1","No","","","https://www.tiktok.com/@teguhwahyudi119"
"=""7637700924194669319""","=""7637291479078568724""","=""7618925515348427794""","teguhwahyudi119","𝙏𝙀𝙂𝙐𝙃𝘽𝙐𝙆𝘼𝙉𝙏𝙀𝙂𝘼𝙍","bagi bangh","9/5/2026, 08.40.35","1","No","","","https://www.tiktok.com/@teguhwahyudi119"
"=""7637716938933142292""","=""7637291479078568724""","=""7071879733634761730""","wongasor6666","user.12345678910","dm","9/5/2026, 09.48.55","0","No","","","https://www.tiktok.com/@wongasor6666"
"=""7637375859931235092""","","=""7350164544142574598""","zoro80877","znamf","inpo akun","8/5/2026, 11.39.21","2","Yes","1","No","https://www.tiktok.com/@zoro80877"
"=""7639618281913795344""","=""7637375859931235092""","=""6955033741647987717""","sjw116","pribumi tamvan 12","DM co ada gw wkwk😂","14/5/2026, 12.41.12","0","No","","","https://www.tiktok.com/@sjw116"
"=""7638179697592075009""","","=""7532192789439480849""","rullyaditiya1517","ghfff","vidio udah tahun wingi,ada 3 atau 4 tapi baru viral sekarang","10/5/2026, 15.38.41","0","No","1","No","https://www.tiktok.com/@rullyaditiya1517"
"=""7640681588947895048""","=""7638179697592075009""","=""7062735987121849345""","mazfahmi05_","FahmiKeju","spil mas","17/5/2026, 09.27.05","0","No","","","https://www.tiktok.com/@mazfahmi05_"
"=""7639170305886012181""","","=""7462262986875978773""","baimntlagi","BAIM NT LAGI👻","gua ada","13/5/2026, 07.42.45","1","No","2","No","https://www.tiktok.com/@baimntlagi"
"=""7639331515302462228""","=""7639170305886012181""","=""7518749463796548615""","tangkulak7","🐑","kirim bang","13/5/2026, 18.08.08","1","No","","","https://www.tiktok.com/@tangkulak7"
"=""7639352530846581524""","=""7639170305886012181""","=""7047573712249504769""","royhandson","Roy Handson","dm","13/5/2026, 19.29.47","0","No","","","https://www.tiktok.com/@royhandson"
"=""7638726004048266005""","","=""7550898288377480212""","mujijuhairi_","Masjawa⚡","bagii🗿","12/5/2026, 02.58.42","1","No","3","No","https://www.tiktok.com/@mujijuhairi_"
"=""7639939915363959560""","=""7638726004048266005""","=""6575640679618936837""","ilmlluthfi_","luthfii","dm","15/5/2026, 09.35.39","0","No","","","https://www.tiktok.com/@ilmlluthfi_"
"=""7639351396102357767""","=""7638726004048266005""","=""7163930487940449306""","edisptra_","DOTZZ","dm mas punya blm","13/5/2026, 19.25.13","0","No","","","https://www.tiktok.com/@edisptra_"
"=""7639491719765099284""","=""7638726004048266005""","=""7550898288377480212""","mujijuhairi_","Masjawa⚡","udah ada bro😂","14/5/2026, 04.30.11","0","No","","","https://www.tiktok.com/@mujijuhairi_"
"=""7640907952145056533""","","=""7451442569013249029""","jito.hbc","Jito Hbc","masih tersimpan rapi di galeri 🔥","18/5/2026, 00.05.31","0","No","1","No","https://www.tiktok.com/@jito.hbc"
"=""7641451423755223824""","=""7640907952145056533""","=""7621866312767226897""","anak_pertama.1j","cah intropert","bagi bng","19/5/2026, 11.29.11","0","No","","","https://www.tiktok.com/@anak_pertama.1j"
"=""7643062159309603602""","","=""7613732841628632082""","tele.andalanofc1","Tele @andalanofc1","tasya gym gacor bat ditele🗿","23/5/2026, 19.24.54","0","No","0","No","https://www.tiktok.com/@tele.andalanofc1"
"=""7639196445443621650""","","=""7049899693300319234""","tomigunawan99","tomi","aku juga mau buat konten sama kamu","13/5/2026, 09.24.02","0","No","1","No","https://www.tiktok.com/@tomigunawan99"
"=""7639617173908374288""","=""7639196445443621650""","=""6955033741647987717""","sjw116","pribumi tamvan 12","DM co ada gw wkwk😂","14/5/2026, 12.37.01","0","No","","","https://www.tiktok.com/@sjw116"
"=""7637844131981738773""","","=""7443137292066636817""","userahoyabpkm1","user30073717682","udh punya full 🗿","9/5/2026, 17.56.25","1","No","3","No","https://www.tiktok.com/@userahoyabpkm1"
"=""7640681705863283464""","=""7637844131981738773""","=""7062735987121849345""","mazfahmi05_","FahmiKeju","kirim cuy","17/5/2026, 09.27.34","0","No","","","https://www.tiktok.com/@mazfahmi05_"
"=""7640681771945018132""","=""7637844131981738773""","=""7443137292066636817""","userahoyabpkm1","user30073717682","dm","17/5/2026, 09.27.59","0","No","","","https://www.tiktok.com/@userahoyabpkm1"
"=""7640683011100492552""","=""7637844131981738773""","=""7062735987121849345""","mazfahmi05_","FahmiKeju","cek","17/5/2026, 09.32.33","0","No","","","https://www.tiktok.com/@mazfahmi05_"
"=""7640374059477615361""","","=""7335821306996245509""","mmhsyhdnnn","Rararapuh","udh pnyaaaa😁😁","16/5/2026, 13.33.40","0","No","1","No","https://www.tiktok.com/@mmhsyhdnnn"
"=""7640721739757421319""","=""7640374059477615361""","=""7062735987121849345""","mazfahmi05_","FahmiKeju","free gak mas kirim coba penasaran soal nya","17/5/2026, 12.02.55","0","No","","","https://www.tiktok.com/@mazfahmi05_"
"=""7639616807401882369""","","=""6955033741647987717""","sjw116","pribumi tamvan 12","DM co ada gw wkwk😂","14/5/2026, 12.35.23","0","No","2","No","https://www.tiktok.com/@sjw116"
"=""7640018386823987976""","=""7639616807401882369""","=""7593201639827063816""","ryzt64","pecinta tobrut","bayar wkwk 😹","15/5/2026, 14.33.36","1","No","","","https://www.tiktok.com/@ryzt64"
"=""7640018519929144081""","=""7639616807401882369""","=""6955033741647987717""","sjw116","pribumi tamvan 12","[Stiker] ","15/5/2026, 14.34.08","0","No","","","https://www.tiktok.com/@sjw116"
"=""7638421854408114951""","","=""7635921540940776455""","sumber.dewasa.3","Sumber Dewasa 3","ada nih 17 menit","11/5/2026, 07.18.21","1","No","0","No","https://www.tiktok.com/@sumber.dewasa.3"
"=""7638093665454080786""","","=""7529741971217646600""","bandar.membara","user68425370675","gue ada","10/5/2026, 10.04.40","0","No","1","No","https://www.tiktok.com/@bandar.membara"
"=""7640683405138805512""","=""7638093665454080786""","=""7062735987121849345""","mazfahmi05_","FahmiKeju","kirim bang","17/5/2026, 09.34.07","0","No","","","https://www.tiktok.com/@mazfahmi05_"
"=""7640155700815102737""","","=""7471584076006523921""","rezkiya509","Rezkiya","penasaran","15/5/2026, 23.26.16","1","No","0","No","https://www.tiktok.com/@rezkiya509"
"=""7637319351187882759""","","=""7020400550265504770""","gopalar12345678","gopal ar","haa koan","8/5/2026, 07.59.59","4","Yes","0","No","https://www.tiktok.com/@gopalar12345678"
"=""7637345996108055316""","","=""6710932461138183169""","richard.kumbaraa","Richard Kumbara","akun dia yg asli apaan ngab?","8/5/2026, 09.43.22","1","Yes","0","No","https://www.tiktok.com/@richard.kumbaraa"
"=""7637352086099755783""","","=""7363736575761368069""","error403forbiden","Anomali","udah nikah ya mereka","8/5/2026, 10.07.00","1","Yes","0","No","https://www.tiktok.com/@error403forbiden"
"=""7638867730309088021""","","=""7571870831220327445""","ssssss0000001","Sssss","Tasya gym 5k aja😁","12/5/2026, 12.08.28","0","No","0","No","https://www.tiktok.com/@ssssss0000001"
"=""7640853629369008912""","","=""6827719330785674241""","anggaragprs","Anggara","7 video😁😜","17/5/2026, 20.34.54","1","No","0","No","https://www.tiktok.com/@anggaragprs"
"=""7639493622328820498""","","=""7197591585643054106""","reki07604","reki","udh liat haha","14/5/2026, 14.55.43","1","No","0","No","https://www.tiktok.com/@reki07604"
"=""7642228560715776769""","","=""7343630632445150214""","fx2854","Momon","udh nonton 17 menit😭","21/5/2026, 13.30.28","0","No","0","No","https://www.tiktok.com/@fx2854"
"=""7642036716899418901""","","=""6987380169116763138""","bahagia759","Bahagia saputra","gua udah lihat smua... bgus bnget","21/5/2026, 01.06.02","0","No","0","No","https://www.tiktok.com/@bahagia759"
"=""7637500440079270677""","","=""7412629319833601029""","noven7350","KK Noven","iclik mas iclik","8/5/2026, 19.42.42","3","Yes","0","No","https://www.tiktok.com/@noven7350"
"=""7642489777271358229""","","=""6927037442138801154""","aksonikk","aksonik","when ya dibikin ky gn","22/5/2026, 06.24.04","0","No","0","No","https://www.tiktok.com/@aksonikk"
"=""7638266013746201365""","","=""7378670883214738437""","picusdaichi","່ ‍","Udah penasaran lagi","10/5/2026, 21.13.26","1","No","0","No","https://www.tiktok.com/@picusdaichi"
"=""7637393330963628817""","","=""7114139006052860955""","www.tiktok.comback123","Tiktok","bg bisa pinjem sehari","8/5/2026, 12.47.17","4","Yes","0","No","https://www.tiktok.com/@www.tiktok.comback123"
"=""7637830275564847879""","","=""7395450174837703685""","lion_4447","Kinanti syafitry","syangnya terlalu terlalu jauh. terus naik motonya sebentar doang🤭","9/5/2026, 17.02.31","2","Yes","0","No","https://www.tiktok.com/@lion_4447"
"=""7641550803514589960""","","=""7419288000440288261""","orangrpribumi","orangrpribumi","gw ada ni","19/5/2026, 17.40.06","0","No","0","No","https://www.tiktok.com/@orangrpribumi"
"=""7638538653091218184""","","=""7462740669871588353""","anakjalanan12354","ygpentinghappy","seluruh isi badanya udh tau aku","11/5/2026, 14.51.28","1","No","0","No","https://www.tiktok.com/@anakjalanan12354"
"=""7641167748404544264""","","=""7265699680473662471""","udercover941112","BonteN","udah liat,dan beneran masih pink","18/5/2026, 16.53.41","1","No","0","No","https://www.tiktok.com/@udercover941112"
"=""7638605389051577106""","","=""7105618502551110683""","sapnore","sapnore","gacor sih tasya","11/5/2026, 19.10.21","0","No","0","No","https://www.tiktok.com/@sapnore"
"=""7641548451923526407""","","=""7571216335939765268""","ijulssss_","F","udah liat ini mah","19/5/2026, 17.31.00","0","No","0","No","https://www.tiktok.com/@ijulssss_"
"=""7639406371683730184""","","=""7576087378486428679""","dewa_kuno_wang_lin9","Dewa Kuno Wang Lin","Gw udh hapus videonya malah lu ingetin setttt 😒","13/5/2026, 23.02.23","1","No","0","No","https://www.tiktok.com/@dewa_kuno_wang_lin9"
"=""7638151012087268103""","","=""7562217840603563024""","dimas.story212","dimast⭕ry💫","makasih Tasya, masih tersusun rapi di galeri album ku. semangat ngonten nya ya, jangan lupa durasi & skill nya di tingkatkan💪","10/5/2026, 13.47.06","1","No","0","No","https://www.tiktok.com/@dimas.story212"
"=""7640828260968547093""","","=""7566033184985711636""","findra827","findra","saya punya","17/5/2026, 18.56.16","1","No","0","No","https://www.tiktok.com/@findra827"
"=""7641962738357207829""","","=""7435426543029683255""","fjhgjjc","kacipoi","2 video dm","20/5/2026, 20.18.34","0","No","0","No","https://www.tiktok.com/@fjhgjjc"
"=""7638503964577973010""","","=""7610159110109561877""","thechoosenn_","thechoosenn_","10k aja men lengkap","11/5/2026, 12.36.52","1","No","0","No","https://www.tiktok.com/@thechoosenn_"
"=""7640797003253908245""","","=""7571870831220327445""","ssssss0000001","Sssss","Tasya gym 5k aja😁","17/5/2026, 16.55.05","0","No","0","No","https://www.tiktok.com/@ssssss0000001"
"=""7637425507780641554""","","=""6957826254506804230""","borielnoah07","Ariel NOAH","17 menit jirr","8/5/2026, 14.51.50","1","No","0","No","https://www.tiktok.com/@borielnoah07"
"=""7638098230061302546""","","=""7098483082780918786""","thelonewolf904","lonewolf","ini yg katanya doougiee mantap bgt itu?","10/5/2026, 10.22.21","2","No","0","No","https://www.tiktok.com/@thelonewolf904"
"=""7637705838131872528""","","=""7503695009365312529""","den90946","𝐃𝖊𝖓𝐳 𝐓𝐧𝐳☯","trnyata full albumm gengss gak nyangka sii branii smpe gtu","9/5/2026, 08.59.56","0","No","0","No","https://www.tiktok.com/@den90946"
"=""7637285854855316225""","","=""7246927275098440710""","pengagum8600","Raden_Mas_Supono","Kok dia mau ya","8/5/2026, 05.50.32","2","Yes","0","No","https://www.tiktok.com/@pengagum8600"
"=""7637488946457314066""","","=""7143997617193239553""","hannamhan_","han.","dulu pernah liat akun aslinya sebelum blunder malah gak aku follow😭","8/5/2026, 18.57.57","3","Yes","0","No","https://www.tiktok.com/@hannamhan_"
"=""7639697387027530516""","","=""7226910924971115528""","frdngunawan","Ferdian Gunawan","gw ada dm","14/5/2026, 17.47.52","1","No","0","No","https://www.tiktok.com/@frdngunawan"
"=""7638213053196452615""","","=""7594455755652580370""","storyatmosphere3","Story'atmosphere","[Stiker] kaya pernah liat","10/5/2026, 17.47.52","1","No","0","No","https://www.tiktok.com/@storyatmosphere3"
"=""7638877444958700295""","","=""6929381744621831173""","nahdobigen","kopet_gareng","durasi 15 mnit","12/5/2026, 12.46.00","1","No","0","No","https://www.tiktok.com/@nahdobigen"
"=""7638983919552365319""","","=""7322514786167817222""","kyy6618","kyy","aduh mana desanya sebelah gua lagi😂","12/5/2026, 19.39.18","1","No","0","No","https://www.tiktok.com/@kyy6618"
"=""7637484902175523601""","","=""6992223076050912257""","chandra__hadi29","chandra__hadi29","10k aja lengkap","8/5/2026, 18.42.20","1","Yes","0","No","https://www.tiktok.com/@chandra__hadi29"
"=""7638104070493979400""","","=""6818570979230385154""","devinnnn43","Ikydevvv___","Udh liat gue semua aset negara mah inih😭","10/5/2026, 10.44.56","1","Yes","0","No","https://www.tiktok.com/@devinnnn43"
"=""7639370220050170645""","","=""7309777221857100806""","febzy03","febzy03","mantep bngt co😂","13/5/2026, 20.38.19","1","No","0","No","https://www.tiktok.com/@febzy03"
"=""7637790342598935304""","","=""7105618502551110683""","sapnore","sapnore","gue ada nih wkwk","9/5/2026, 14.27.30","1","Yes","0","No","https://www.tiktok.com/@sapnore"
"=""7641204617518482184""","","=""7481371667495945224""","us3nnnn","_rhnnnnnnnn7","enak ini barang nya","18/5/2026, 19.16.41","0","No","0","No","https://www.tiktok.com/@us3nnnn"
"=""7637382079848170257""","","=""7633847220974765072""","cek.storykuuuuu","Cek storykuuuuu","aku udh nonton","8/5/2026, 12.03.17","2","Yes","0","No","https://www.tiktok.com/@cek.storykuuuuu"
"=""7639438052101276436""","","=""6910241041968071681""","usermynameisu","jarot","pink brooo🗿","14/5/2026, 01.01.30","1","No","0","No","https://www.tiktok.com/@usermynameisu"
"=""7637213982780932882""","","=""7424837889954432017""","rendistoree77","Devill77","gacor","8/5/2026, 01.10.58","1","Yes","0","No","https://www.tiktok.com/@rendistoree77"
"=""7637503028745192213""","","=""7532480710113854481""","topin.alhanan","Top'in Alhanan","mantep si gayanya","8/5/2026, 19.52.44","2","No","0","No","https://www.tiktok.com/@topin.alhanan"
"=""7637443739430257429""","","=""7048584478142366747""","bang.sardi14","bang sardi","mamang mantap vidio nya cok🤭","8/5/2026, 16.02.36","3","Yes","0","No","https://www.tiktok.com/@bang.sardi14"
"=""7638767425005568788""","","=""7571870831220327445""","ssssss0000001","Sssss","Tasya gym 5k aja","12/5/2026, 05.39.25","0","No","0","No","https://www.tiktok.com/@ssssss0000001"
"=""7640189522291294993""","","=""7629675509827765269""","zeyyyaaa53","zeyyyy","cekkkk profil sayaaa","16/5/2026, 01.37.49","1","No","0","No","https://www.tiktok.com/@zeyyyaaa53"
"=""7637851041631896336""","","=""7179807125005796354""","devanoabilp","ᦔꪖρ","Goyangannya jos jis 😂","9/5/2026, 18.23.17","1","Yes","0","No","https://www.tiktok.com/@devanoabilp"
"=""7637758906126648082""","","=""7430760954826834950""","syfu.din","masden","info gym e cah","9/5/2026, 12.25.32","2","No","0","No","https://www.tiktok.com/@syfu.din"
"=""7637470593445790471""","","=""6570220131854467074""","bigbaonk183","Leo_2dp","19 menit cuuyy 😂","8/5/2026, 17.46.44","2","Yes","0","No","https://www.tiktok.com/@bigbaonk183"
"=""7637510382165328660""","","=""7512072733494658049""","alucardddd13","🌗🌗","mantep bgt ni cewe","8/5/2026, 20.21.17","1","No","0","No","https://www.tiktok.com/@alucardddd13"
"=""7637330057391981333""","","=""7437878322682004536""","herbin67","herbin","terciduk yang rapi","8/5/2026, 08.41.32","1","Yes","0","No","https://www.tiktok.com/@herbin67"
"=""7637367725237240584""","","=""7395770230226109445""","setya_ds24","Setya_ds24","yaelah udah nonton","8/5/2026, 11.07.35","1","Yes","0","No","https://www.tiktok.com/@setya_ds24"
"=""7637665704896676615""","","=""7038961079569417217""","supermen_62","user2185693170269","oh yang itu ya😂","9/5/2026, 06.24.05","1","No","0","No","https://www.tiktok.com/@supermen_62"
"=""7637631139444982544""","","=""7108000595717768193""","putrabangsa007","ᵖᵘᵗʳᵃ ᵇᵃⁿᵍˢᵃ","dh pernah nntn","9/5/2026, 04.10.19","1","No","0","No","https://www.tiktok.com/@putrabangsa007"
"=""7637409618662556437""","","=""7504613211502953479""","telegram_agenlendir11","Telegram➡️agenlendir11","Yg blm punya ngumpul sini👆🏻👆🏻","8/5/2026, 13.50.15","4","No","0","No","https://www.tiktok.com/@telegram_agenlendir11"
"=""7637469861144625936""","","=""7300614474866869250""","psarip4","Psarip","Pink banget coooo","8/5/2026, 17.43.59","2","Yes","0","No","https://www.tiktok.com/@psarip4"
"=""7637453611563778837""","","=""6795198269975806978""","handyalwiyansah","handy","gacorre gilaa yg lain mana kuat","8/5/2026, 16.40.54","1","Yes","0","No","https://www.tiktok.com/@handyalwiyansah"
"=""7637468887928423186""","","=""7499784327488979975""","lahsjqhvs13","Udin","Haha dah nonton lengkp","8/5/2026, 17.40.14","1","Yes","0","No","https://www.tiktok.com/@lahsjqhvs13"
"=""7637236173639631636""","","=""6814505096405484545""","rafiqsrya","nishhh1","dm wak","8/5/2026, 02.37.17","1","Yes","0","No","https://www.tiktok.com/@rafiqsrya"
"=""7638265864077525767""","","=""6940913051499660289""","senjapurbalingga","𝘾𝘼𝙃 𝘽𝘼𝙂𝙐𝙎","🗿","10/5/2026, 21.12.46","1","Yes","0","No","https://www.tiktok.com/@senjapurbalingga"
"=""7639540020869448456""","","=""7368827747767976965""","arif_terapis","appa rapper","ready","14/5/2026, 07.37.23","1","No","0","No","https://www.tiktok.com/@arif_terapis"
"=""7637440962909946632""","","=""7011076137275687962""","rizal220s","lgz","part 2 nih kayaknya","8/5/2026, 15.51.45","3","Yes","0","No","https://www.tiktok.com/@rizal220s"
"=""7637625085280862997""","","=""6813560352224920577""","404_notfoundr","ᔕᕼᑌ丅ᑌᑭᑭᒪᗴᗩᔕᗴ","udah kena lcdnya😁","9/5/2026, 03.46.29","1","No","0","No","https://www.tiktok.com/@404_notfoundr"
"=""7637555072721601287""","","=""7623264424863171602""","tiara_12129","tiara","baru lihat","8/5/2026, 23.14.33","1","No","0","No","https://www.tiktok.com/@tiara_12129"
"=""7637287760740795154""","","=""7165278375392527387""","ihsan.robi","ihsan.robi","full","8/5/2026, 05.57.31","1","Yes","0","No","https://www.tiktok.com/@ihsan.robi"
"=""7641348961497088789""","","=""7637321162541253652""","fantasy_couple","Jogjaboy_","aduhay","19/5/2026, 04.37.23","0","No","0","No","https://www.tiktok.com/@fantasy_couple"
"=""7641123453398942472""","","=""7045300734623630363""","muklis1601201","mukhlis","sudah lihat gak penasran lgi","18/5/2026, 14.01.42","0","No","0","No","https://www.tiktok.com/@muklis1601201"
"=""7641122239982994183""","","=""6813825016364418050""","mas.saputra.ae","🕷🕸️","jujur main nya rapi bgt.😌","18/5/2026, 13.56.59","0","No","0","No","https://www.tiktok.com/@mas.saputra.ae"
"=""7640816491055219476""","","=""7169136597277983771""","kioz_ac","Herry","bapak bangga dengau nak","17/5/2026, 18.10.38","0","No","0","No","https://www.tiktok.com/@kioz_ac"
"=""7640771256912724756""","","=""6739585119244764161""","andrewrisky_","andrew","Uda nonton keren","17/5/2026, 15.15.07","0","No","0","No","https://www.tiktok.com/@andrewrisky_"
"=""7640751730079220488""","","=""7634965855650087954""","erichacuxntol","Open Epcs","gua pnya","17/5/2026, 13.59.15","0","No","0","No","https://www.tiktok.com/@erichacuxntol"
"=""7640644080314516242""","","=""7480435359329010706""","cill_nurr300","whooppppppssss","dm guys","17/5/2026, 07.01.49","0","No","0","No","https://www.tiktok.com/@cill_nurr300"
"=""7640614068906525461""","","=""6898652302191870977""","rifkyanwarrgmail.com","Rifky classic","udh liat 😂","17/5/2026, 05.05.19","0","No","0","No","https://www.tiktok.com/@rifkyanwarrgmail.com"
"=""7640498148029793032""","","=""7623739707750466567""","sellaptr34","sellaptr34","Aku udh punya digaleri","16/5/2026, 21.35.15","0","No","0","No","https://www.tiktok.com/@sellaptr34"
"=""7640471251417170695""","","=""7349081011433833477""","la_daus01","NONA BAWEL","qua enggkak tau apa"" yah dan enggkak mau tau titik...","16/5/2026, 19.50.49","0","No","0","No","https://www.tiktok.com/@la_daus01"
"=""7640449509247550224""","","=""6965323808777929729""","gtww.276","gtw","punya dong","16/5/2026, 18.26.43","0","No","0","No","https://www.tiktok.com/@gtww.276"
"=""7640444597190099730""","","=""6738268742142985218""","abycule","cah gabut🚬","pokonya pinkk bersihh","16/5/2026, 18.07.25","0","No","0","No","https://www.tiktok.com/@abycule"
"=""7640436823672193799""","","=""6798868954473579521""","nkrihargamati1","NAO JINGUJI","mantap bamper nya bentuk love 😋","16/5/2026, 17.37.13","0","No","0","No","https://www.tiktok.com/@nkrihargamati1"
"=""7640190733933363986""","","=""6937834338008843266""","aardii1000","R7","bgus bgt pas dggy🤣🤣🤣","16/5/2026, 17.30.14","0","No","0","No","https://www.tiktok.com/@aardii1000"
"=""7640430228548469511""","","=""6557472491097374722""","ibra_variasi","Ibra Variasi","Aku punya😂","16/5/2026, 17.11.39","0","No","0","No","https://www.tiktok.com/@ibra_variasi"
"=""7640409038946616071""","","=""7633760924264367125""","turu.mudun","Turu Mudun","masi nyimpen nihh hehee","16/5/2026, 15.49.28","0","No","0","No","https://www.tiktok.com/@turu.mudun"
"=""7640132512668271381""","","=""7462262986875978773""","baimntlagi","BAIM NT LAGI👻","gua ada full 17 menit","15/5/2026, 21.56.22","0","No","0","No","https://www.tiktok.com/@baimntlagi"
"=""7640052103658406664""","","=""6919497145360434177""","roxxaa26","￴ ￴ ￴ ￴ ￴ ￴ ￴ ￴ ￴ ￴ ￴","udah liat yg 17 menitnya","15/5/2026, 16.44.22","0","No","0","No","https://www.tiktok.com/@roxxaa26"
"=""7640035556349362951""","","=""6871175814429606913""","afgan_ahmad98","A F G A N","Ig nya apa?","15/5/2026, 15.40.10","0","No","0","No","https://www.tiktok.com/@afgan_ahmad98"
"=""7640021362584666900""","","=""7147882255371944961""","priyoduabelas","P🗿","17 menit sudah ku tonton","15/5/2026, 14.45.05","0","No","0","No","https://www.tiktok.com/@priyoduabelas"
"=""7639983095320380177""","","=""7461921853969007633""","semzoxs77","Semzz","dm langsung aja bre","15/5/2026, 12.16.31","0","No","0","No","https://www.tiktok.com/@semzoxs77"
"=""7639925105007510293""","","=""7316919161039733766""","sorotankedamaian","...","mohon maaf katanya faktor ekonomi apakah betul🙏","15/5/2026, 08.31.43","0","No","0","No","https://www.tiktok.com/@sorotankedamaian"
"=""7639863292088861457""","","=""7589588312131929105""","khanzaaaa__cntk","Khanzaa__","gw ada ni😳 dm aja","15/5/2026, 04.32.03","0","No","0","No","https://www.tiktok.com/@khanzaaaa__cntk"
"=""7639668709154030343""","","=""7599131199504958484""","keysa17w828288288","keysa","17mnt","14/5/2026, 15.56.36","0","No","0","No","https://www.tiktok.com/@keysa17w828288288"
"=""7639660371619775249""","","=""7568714579266536464""","urskpp","Ronaldo siuu","trsusun rapi","14/5/2026, 15.24.32","0","No","0","No","https://www.tiktok.com/@urskpp"
"=""7639629513467052807""","","=""7062647246357365762""","sproket_05","Aku.Suko","Semurah gitu bejirrrr","14/5/2026, 13.24.33","0","No","0","No","https://www.tiktok.com/@sproket_05"
"=""7639629499776697096""","","=""7062647246357365762""","sproket_05","Aku.Suko","Baru liat yg 9mnit","14/5/2026, 13.24.24","0","No","0","No","https://www.tiktok.com/@sproket_05"
"=""7639553657973244679""","","=""7111427431274333185""","pakwaa_24","PAKWA","Udh liatt aisshhhh","14/5/2026, 08.30.08","0","No","0","No","https://www.tiktok.com/@pakwaa_24"
"=""7639504552946123541""","","=""6939345292123259906""","hucttt","￴ ￴ ￴ ￴ ￴ ￴ ￴ ￴ ￴ ￴ ￴ ￴","18 mnt gacorr mainya ya","14/5/2026, 05.20.03","0","No","0","No","https://www.tiktok.com/@hucttt"
"=""7639457766118441745""","","=""7353569755343569925""","mstrby__","Alejandro miko✮˚.⋆","penasaran?sini chat gw wkwk","14/5/2026, 02.18.23","0","No","0","No","https://www.tiktok.com/@mstrby__"
"=""7639423150589756178""","","=""7309402320763765762""","bima.melvin.adhit","Melvin Adhitama","pink mantep pol","14/5/2026, 00.03.40","0","No","0","No","https://www.tiktok.com/@bima.melvin.adhit"
"=""7639418909909123858""","","=""6957689847097377797""","hrfnarianto","HRFN","pink bgt lg ya","13/5/2026, 23.47.12","0","No","0","No","https://www.tiktok.com/@hrfnarianto"
"=""7639401759761597202""","","=""7373711642507150342""","sandy.nugraha43","Sandy Nugraha","Ngwerii","13/5/2026, 22.40.41","0","No","0","No","https://www.tiktok.com/@sandy.nugraha43"
"=""7639384532554449682""","","=""6981750445081412610""","hiu_0062","Hiu perkasa_62","gua ada 2😂","13/5/2026, 21.33.47","0","No","0","No","https://www.tiktok.com/@hiu_0062"
"=""7639381753064620818""","","=""7489885288287896594""","wwwanakrantau6","cancer 2002","gimana kabar tasnya sekarang","13/5/2026, 21.22.59","0","No","0","No","https://www.tiktok.com/@wwwanakrantau6"
"=""7639380707744514834""","","=""6923339304195163138""","abdul99_6","Dominic Transs","miripp Dinda yh yg viral","13/5/2026, 21.18.59","0","No","0","No","https://www.tiktok.com/@abdul99_6"
"=""7639375846486950673""","","=""7059360887035724801""","bakasikam_","jali","tolong lain kali kamera nya di deketin jangan jauh-jauh naroh nya atau sewa jasa fotografer aja","13/5/2026, 21.00.16","0","No","0","No","https://www.tiktok.com/@bakasikam_"
"=""7639368358073565959""","","=""6938041465126749185""","namesis_03","Tanpa Nama","[Stiker] ","13/5/2026, 20.31.03","0","No","0","No","https://www.tiktok.com/@namesis_03"
"=""7639352148110770952""","","=""7618514921696805908""","ontoseno.0311","Ontoseno_17","Full punya yg 17 menit😂","13/5/2026, 19.28.05","0","No","0","No","https://www.tiktok.com/@ontoseno.0311"
"=""7639332236269454097""","","=""7204802541044073499""","p3njahat27","vin","wk","13/5/2026, 18.10.52","0","No","0","No","https://www.tiktok.com/@p3njahat27"
"=""7639313031088800532""","","=""7031425307475821573""","herey375","hereei","udh liat 12Menit","13/5/2026, 16.56.27","0","No","0","No","https://www.tiktok.com/@herey375"
"=""7639290989043565333""","","=""7327937289080800262""","batikk.madrim4","yao.. yao...","umur segini sudah jadi suhu 😂😂😂","13/5/2026, 15.30.57","0","No","0","No","https://www.tiktok.com/@batikk.madrim4"
"=""7639269033284748052""","","=""6938309965279183873""","alyy855","aly💨","17 menit co berbagai gaya..","13/5/2026, 14.05.53","0","No","0","No","https://www.tiktok.com/@alyy855"
"=""7639239169853096711""","","=""7454217811435537409""","shidqi990","𝕽𝖆𝖏𝖆✨°•👑𓆏.","jadi ini toh ..🤭","13/5/2026, 12.09.52","0","No","0","No","https://www.tiktok.com/@shidqi990"
"=""7639235936857031442""","","=""7415949249952941062""","ikyyyy8783","dikiboy","udh liat gw 17mnt 🥰","13/5/2026, 11.57.15","0","No","0","No","https://www.tiktok.com/@ikyyyy8783"
"=""7639173843474875154""","","=""6884423317542224898""","beenyatnbl","rian","17 menit","13/5/2026, 07.56.18","0","No","0","No","https://www.tiktok.com/@beenyatnbl"
"=""7639085874650645268""","","=""6814505096405484545""","rafiqsrya","nishhh1","d","13/5/2026, 02.14.57","0","No","0","No","https://www.tiktok.com/@rafiqsrya"
"=""7639026898635080468""","","=""6814505096405484545""","rafiqsrya","nishhh1","dm","12/5/2026, 22.26.04","0","No","0","No","https://www.tiktok.com/@rafiqsrya"
"=""7638869927743488786""","","=""7070472664805196801""","ktoprakoxva","NazNuz","9x","12/5/2026, 12.16.56","0","No","0","No","https://www.tiktok.com/@ktoprakoxva"
"=""7638793120629900053""","","=""7638789447018169365""","fanza0215","Fanza","masih ada nih lengkap vidionya 😂","12/5/2026, 07.19.17","0","No","0","No","https://www.tiktok.com/@fanza0215"
"=""7638717581436699412""","","=""6814505096405484545""","rafiqsrya","nishhh1","dm ae","12/5/2026, 02.25.57","0","No","0","No","https://www.tiktok.com/@rafiqsrya"
"=""7638668074488840981""","","=""7380749405470884869""","eh.yaampun_wirrr","Yandaktaukoktanyasaya","ada jenggernya kak","11/5/2026, 23.13.37","0","No","0","No","https://www.tiktok.com/@eh.yaampun_wirrr"
"=""7638637250146239252""","","=""7621591240735343636""","pap.random74","Pap Random","Perfect leg day😂","11/5/2026, 21.14.01","0","No","0","No","https://www.tiktok.com/@pap.random74"
"=""7638527467972543240""","","=""7488432312867128337""","fizadrian789","rarwrrr🍃","[Stiker] ","11/5/2026, 14.08.03","0","No","0","No","https://www.tiktok.com/@fizadrian789"
"=""7638486975511577361""","","=""7589588312131929105""","khanzaaaa__cntk","Khanzaa__","gw ada ni,dm aja😳","11/5/2026, 11.31.34","0","No","0","No","https://www.tiktok.com/@khanzaaaa__cntk"
"=""7638479443305333525""","","=""7635061206059320341""","salimskuy3","salimskuy","gw ada nih","11/5/2026, 11.01.57","0","No","0","No","https://www.tiktok.com/@salimskuy3"
"=""7638476920355128084""","","=""6703300515470279681""","akudemit2","aku demit","di twitter udah virall banget ini","11/5/2026, 10.51.59","0","No","0","No","https://www.tiktok.com/@akudemit2"
"=""7638463607231218439""","","=""7586522675058836488""","passolle698","passolle","mantap","11/5/2026, 10.00.05","0","No","0","No","https://www.tiktok.com/@passolle698"
"=""7638312328702968584""","","=""7607423031095542792""","bonzina0","kinoraaa","liat postinganku","11/5/2026, 00.13.09","0","No","0","No","https://www.tiktok.com/@bonzina0"
"=""7638270496354042644""","","=""7538390903268262919""","lurahjaksel","Lurahjaksel","wkwwk gua udah tau s
dari dulu kocak ..sekarang baru rame","10/5/2026, 21.30.49","0","No","0","No","https://www.tiktok.com/@lurahjaksel"
"=""7638252387611034389""","","=""7526115212413568018""","sisca9590","Rann💢","tinggal cek aja di yt mister Bobs ada videonya","10/5/2026, 20.20.38","0","No","0","No","https://www.tiktok.com/@sisca9590"
"=""7638214510143636245""","","=""6932354791990313986""","edwnnra","Edwinnnnnnn","[Stiker] ","10/5/2026, 17.53.42","0","No","0","No","https://www.tiktok.com/@edwnnra"
"=""7638143799038968583""","","=""6708916734470276098""","ardhika68","Ardika","cuma nunging njirr , yg dekat video nya","10/5/2026, 13.19.11","0","No","0","No","https://www.tiktok.com/@ardhika68"
"=""7638128289551287061""","","=""6701436652709168130""","_putra.bapak_sulis","☆FERDI_2,5☆","[Stiker] ","10/5/2026, 12.19.05","0","No","0","No","https://www.tiktok.com/@_putra.bapak_sulis"
"=""7638102975713837845""","","=""7065262598573802502""","kingzarif3116","King Zarif","Merah","10/5/2026, 10.40.49","0","No","0","No","https://www.tiktok.com/@kingzarif3116"
"=""7638100829957964560""","","=""7376210265887572998""","red_m4x","Baby_put","19mnit+","10/5/2026, 10.32.31","0","No","0","No","https://www.tiktok.com/@red_m4x"
"=""7638086829893419797""","","=""6875254967658251266""","hmph_haha","Tukimann🦖","Boseeemmm","10/5/2026, 09.38.23","0","No","0","No","https://www.tiktok.com/@hmph_haha"
"=""7638071365563679496""","","=""6564951829527625729""","sheilllaa00","user71576294554","lengkap, cek storyku","10/5/2026, 08.38.04","0","No","0","No","https://www.tiktok.com/@sheilllaa00"
"=""7637931991744316181""","","=""7045999091746391042""","anamirgat07","bagas 🇲🇨🇯🇵","berlebat","9/5/2026, 23.39.21","0","No","0","No","https://www.tiktok.com/@anamirgat07"
"=""7637919464625701650""","","=""7379581555662406662""","suasana_suasini","SUASANA SUASINI","nempel itu","9/5/2026, 22.48.34","0","No","0","No","https://www.tiktok.com/@suasana_suasini"
"=""7637906684162638612""","","=""7624941432978260993""","userbull920","Userbul98210662","Apa benar cuma 17 menit aja ga ad yg lain?😬","9/5/2026, 21.59.10","0","No","0","No","https://www.tiktok.com/@userbull920"
"=""7637905048303141649""","","=""6892969801456894978""","blooon7","cimeng and bloon","sblm crt","9/5/2026, 21.52.52","0","No","0","No","https://www.tiktok.com/@blooon7"
"=""7637787760757080853""","","=""7302973542277268485""","riyan_to_ganjel_to","Riyan to ganjel to","ai😂","9/5/2026, 14.17.33","0","No","0","No","https://www.tiktok.com/@riyan_to_ganjel_to"
"=""7637777587222004496""","","=""7287384653715031041""","hendrosupriadi4","hendro123","aku cuma 5 mnt","9/5/2026, 13.38.05","0","No","0","No","https://www.tiktok.com/@hendrosupriadi4"
"=""7637773119026348821""","","=""6643395700808712194""","berkahkoncotravel","Domarif🐊","gak ada lawan.","9/5/2026, 13.20.56","0","No","0","No","https://www.tiktok.com/@berkahkoncotravel"
"=""7637772476168651540""","","=""7449785721471501320""","silverque17","Silver","17 menit asli mantep","9/5/2026, 13.18.21","0","No","0","No","https://www.tiktok.com/@silverque17"
"=""7637761679136539399""","","=""6828996405438415874""","kapan_uwu","Duta Komentar 📢","gaya nya mantep2","9/5/2026, 12.36.16","0","No","0","No","https://www.tiktok.com/@kapan_uwu"
"=""7637749823218909960""","","=""7047078349349143553""","recomen_villapuncak","M'IDRUS*","owh ini toh 😳","9/5/2026, 11.50.21","0","No","0","No","https://www.tiktok.com/@recomen_villapuncak"
"=""7637742694711034640""","","=""7367526493259695121""","made_in1988","Made_in_1988","semoga SaMaWa ya 🔥🔥🔥","9/5/2026, 11.23.04","0","No","0","No","https://www.tiktok.com/@made_in1988"
"=""7637736987478803221""","","=""7371085586189534213""","pitiaa746","ningrum22","udah liat full","9/5/2026, 11.00.36","0","No","0","No","https://www.tiktok.com/@pitiaa746"
"=""7637733267219972881""","","=""7636365714105861121""","rully.yang.mulia","rully yang mulia","17 menit jir","9/5/2026, 10.46.10","0","No","0","No","https://www.tiktok.com/@rully.yang.mulia"
"=""7637733013934179090""","","=""6798102950260491265""","kipliacak","Kipli Acak🇹🇼","udah lengkap di gogel tingal ??","9/5/2026, 10.45.10","0","No","0","No","https://www.tiktok.com/@kipliacak"
"=""7637205349136925458""","","=""7636101910579905554""","mah.joeng","mah joeng","15k lengkapbos","8/5/2026, 00.37.24","1","Yes","0","No","https://www.tiktok.com/@mah.joeng"
"=""7638527485857530625""","","=""7589588312131929105""","khanzaaaa__cntk","Khanzaa__","gw ada ni😳 dm aja","11/5/2026, 14.08.34","0","No","0","No","https://www.tiktok.com/@khanzaaaa__cntk"
"=""7637393038381515541""","","=""7501726655477777426""","reza.ar84","Reza Ar","ku kira vidio nya satu ternyata bnyaj wkwk","8/5/2026, 12.45.50","2","Yes","0","No","https://www.tiktok.com/@reza.ar84"
"=""7638966609368875777""","","=""7589588312131929105""","khanzaaaa__cntk","Khanzaa__","gw ada ni😳 dm aja","12/5/2026, 18.32.12","0","No","0","No","https://www.tiktok.com/@khanzaaaa__cntk"
"=""7637214688254608136""","","=""7019657023474467841""","tyarhunter","Tyar","tasya service ny mantap 🔥","8/5/2026, 01.13.44","7","Yes","0","No","https://www.tiktok.com/@tyarhunter"
"=""7637359379218793236""","","=""7571800000616727559""","namongkol4","NAMONGKOL","kirim videonya","8/5/2026, 10.35.27","2","Yes","4","No","https://www.tiktok.com/@namongkol4"
"=""7639352963174843157""","=""7637359379218793236""","=""7047573712249504769""","royhandson","Roy Handson","dm","13/5/2026, 19.31.26","0","No","","","https://www.tiktok.com/@royhandson"
"=""7641253211080311573""","=""7637359379218793236""","=""7571800000616727559""","namongkol4","NAMONGKOL","kirim","18/5/2026, 22.25.14","1","No","","","https://www.tiktok.com/@namongkol4"
"=""7641253658474562325""","=""7637359379218793236""","=""7047573712249504769""","royhandson","Roy Handson","cht","18/5/2026, 22.26.58","0","No","","","https://www.tiktok.com/@royhandson"
"=""7639618754858697489""","=""7637359379218793236""","=""6955033741647987717""","sjw116","pribumi tamvan 12","DM co ada gw wkwk😂","14/5/2026, 12.42.55","0","No","","","https://www.tiktok.com/@sjw116"
"=""7637476986957710100""","","=""6891464694697395202""","kikihavid","Al havid Kiki","gua tuh suka mikir gini deh .. org2 ko bisa punya skandal apa jngn2 pada umum nya semua orang bnyk yg udh hs cuma ga ke video atau kesebar aja... eh gmn si","8/5/2026, 18.11.45","1","Yes","1","No","https://www.tiktok.com/@kikihavid"
"=""7639618793204302609""","=""7637476986957710100""","=""6955033741647987717""","sjw116","pribumi tamvan 12","DM co ada gw wkwk😂","14/5/2026, 12.43.14","0","No","","","https://www.tiktok.com/@sjw116"
"=""7639352498834768657""","","=""6526139007700008962""","agungfir_80","Agung Firmansyah","kirim video nya😁","13/5/2026, 19.29.29","1","No","2","No","https://www.tiktok.com/@agungfir_80"
"=""7639618718947377937""","=""7639352498834768657""","=""6955033741647987717""","sjw116","pribumi tamvan 12","DM co ada gw wkwk😂","14/5/2026, 12.42.48","0","No","","","https://www.tiktok.com/@sjw116"
"=""7639352920266326804""","=""7639352498834768657""","=""7047573712249504769""","royhandson","Roy Handson","dm","13/5/2026, 19.31.21","0","No","","","https://www.tiktok.com/@royhandson"
"=""7637292389837816597""","","=""6785057782905570306""","dedeanita11","butterscotch","dm k","8/5/2026, 06.15.38","2","Yes","0","No","https://www.tiktok.com/@dedeanita11"
"=""7638545120913130247""","","=""7535585503144903698""","owlahsptjmdouddl",".","simpel aja yg pgn dm aku aja😌","11/5/2026, 15.16.30","1","No","0","No","https://www.tiktok.com/@owlahsptjmdouddl"
"=""7638283348884538128""","","=""6870434698713482242""","kerja079","Nanda","berbagi kenikmatan","10/5/2026, 22.20.37","1","No","0","No","https://www.tiktok.com/@kerja079"
"=""7638219813114364673""","","=""6781498435843359746""","vitaminc3005","07.04.04👸","Ada ni videonya mau?","10/5/2026, 18.14.04","1","No","0","No","https://www.tiktok.com/@vitaminc3005"
"=""7637880301041402641""","","=""7398204231927383045""","fin22_____","Fin","sblm viral aku sring lihat postingannya berdua tu, pantes ga asing","9/5/2026, 20.16.35","1","No","0","No","https://www.tiktok.com/@fin22_____"
"=""7637451055668347668""","","=""7415061623444653062""","berkahtani0998","Ny.Berkahtani27","udah pink pinter ngulek pula.....","8/5/2026, 16.31.02","1","Yes","0","No","https://www.tiktok.com/@berkahtani0998"
"=""7637378792525234965""","","=""7220042206308025345""","satriadana93","josjis bolo","enk banget jdi cowonya dpt cewek spek bugatti","8/5/2026, 11.50.43","1","Yes","0","No","https://www.tiktok.com/@satriadana93"
"=""7642981390662796039""","","=""7061858111548376065""","yancheee10","YANCHEEE10","body nya emang idola bgt sih 🔥","23/5/2026, 14.11.31","0","No","0","No","https://www.tiktok.com/@yancheee10"
"=""7641879561692627733""","","=""7571870831220327445""","ssssss0000001","Sssss","5k lengkap😁😋","20/5/2026, 14.55.49","0","No","0","No","https://www.tiktok.com/@ssssss0000001"
"=""7641800054143255313""","","=""7589588312131929105""","khanzaaaa__cntk","Khanzaa__","gw ada ni😳 gas dm😌","20/5/2026, 09.47.40","0","No","0","No","https://www.tiktok.com/@khanzaaaa__cntk"
"=""7641272061839672084""","","=""6837436603917665281""","phuiiks.10","Phuik.","dm ad gw","18/5/2026, 23.38.27","0","No","0","No","https://www.tiktok.com/@phuiiks.10"
"=""7640868409089770248""","","=""7628941389011878919""","oranghilang0240","oranghilang","gue punya dm aja","17/5/2026, 21.32.01","0","No","0","No","https://www.tiktok.com/@oranghilang0240"
"=""7640499263978832661""","","=""7431038514643584006""","taufan9747","Taufan","boleh minta video nya","16/5/2026, 21.39.42","0","No","0","No","https://www.tiktok.com/@taufan9747"
"=""7640449665259242261""","","=""7214630380761482241""","hafif3434","hafif","ful pink ,alah","16/5/2026, 18.27.07","0","No","0","No","https://www.tiktok.com/@hafif3434"
"=""7640154174907089665""","","=""6707232627453412354""","indra248","indra syahputra","barusan nonton jir bagus banget pulen","15/5/2026, 23.20.25","0","No","0","No","https://www.tiktok.com/@indra248"
"=""7640123463038911240""","","=""7639320540482831378""","zino_kece","Zino_kece","yang mau gass dm gua😁","15/5/2026, 21.21.15","0","No","0","No","https://www.tiktok.com/@zino_kece"
"=""7640052619113825040""","","=""7151025142877242395""","ggmaol.com","kutil","yang punya videonya bagi dong","15/5/2026, 16.46.23","0","No","0","No","https://www.tiktok.com/@ggmaol.com"
"=""7639683655660552976""","","=""7210656896968360961""","lans.maulana","Lans Maulana","masih coklat muda kemaren liat videonya","14/5/2026, 16.54.46","0","No","0","No","https://www.tiktok.com/@lans.maulana"
"=""7639643153519461141""","","=""6837436603917665281""","phuiiks.10","Phuik.","lngkp dm j","14/5/2026, 14.17.30","0","No","0","No","https://www.tiktok.com/@phuiiks.10"
"=""7639636698159760135""","","=""7415949249952941062""","ikyyyy8783","dikiboy","10k riel ambil ni","14/5/2026, 13.52.22","0","No","0","No","https://www.tiktok.com/@ikyyyy8783"
"=""7639563719195280149""","","=""7271216153400460290""","erinaputrii36","erina_putrii","yng mau DM ya","14/5/2026, 09.09.29","0","No","0","No","https://www.tiktok.com/@erinaputrii36"
"=""7639534297007866632""","","=""6915009511271580673""","zumatyn","brekin","5k.aja nih 17 mnt","14/5/2026, 07.15.08","0","No","0","No","https://www.tiktok.com/@zumatyn"
"=""7639386418321670930""","","=""7407281578940220421""","mieky_mouse","mieky_mouse","full nya dm","13/5/2026, 21.41.01","0","No","0","No","https://www.tiktok.com/@mieky_mouse"
"=""7638965720244126485""","","=""7085306390897853467""","wafikkkbv","afgann","dm gratis bro","12/5/2026, 18.28.42","0","No","0","No","https://www.tiktok.com/@wafikkkbv"
"=""7638813416391721749""","","=""7399651607913038853""","ryhnnrdn","ryhann","aku ada nih DM aja","12/5/2026, 08.37.43","0","No","0","No","https://www.tiktok.com/@ryhnnrdn"
"=""7638759486786028295""","","=""7529229974662923282""","irpnazzam","irpan","dm aj","12/5/2026, 05.08.23","0","No","0","No","https://www.tiktok.com/@irpnazzam"
"=""7638380019472007957""","","=""6837436603917665281""","phuiiks.10","Phuik.","dm lngkp","11/5/2026, 04.36.06","0","No","0","No","https://www.tiktok.com/@phuiiks.10"
"=""7638283547884045077""","","=""6638912796631269377""","cah3ae","Cah AE","cantik,manis,badan bagus. jan sempuran dan rela bagi"" keindahan 🥰🥰🥰","10/5/2026, 22.21.34","0","No","0","No","https://www.tiktok.com/@cah3ae"
"=""7638263264178635527""","","=""7094208433788371970""","samurai_pain","ukyo","nungging nya bagus dia","10/5/2026, 21.02.40","0","No","0","No","https://www.tiktok.com/@samurai_pain"
"=""7638217544160396049""","","=""6781498435843359746""","vitaminc3005","07.04.04👸","Aku ada yang full nih😁","10/5/2026, 18.05.20","0","No","0","No","https://www.tiktok.com/@vitaminc3005"
"=""7637967128251073281""","","=""7036193679463728129""","ferisaputra892","FERI SAPUTRA","enak enak mantap","10/5/2026, 01.53.34","0","No","0","No","https://www.tiktok.com/@ferisaputra892"
"=""7637947204833690388""","","=""6959093452320097282""","tahejdi123","Whwgsdist","Kalau ada yang mau dm","10/5/2026, 00.36.18","0","No","0","No","https://www.tiktok.com/@tahejdi123"
"=""7637917066670408466""","","=""6785583142133564418""","mirainanda","saiaa Mira","kau cantik kak, maap yak pernah liat videonya pas main gituan, dan maap masih ada videonya","9/5/2026, 22.39.17","0","No","0","No","https://www.tiktok.com/@mirainanda"
"=""7637815919520482055""","","=""7095223967863473154""","ricko_ps09","￶￶","oalah ini to manusiany","9/5/2026, 16.06.51","0","No","0","No","https://www.tiktok.com/@ricko_ps09"
"=""7637380279649420050""","","=""6899877459811648514""","nantikbapaer","andrian🎱","yang blum ada vt nya langsung saja ke prfl","8/5/2026, 11.56.21","1","Yes","0","No","https://www.tiktok.com/@nantikbapaer"
"=""7642210880524059412""","","=""6903041772093146113""","laweyerrrr0","Naygeulis2","Udh liat di @kyyl022","21/5/2026, 12.21.35","1","No","0","No","https://www.tiktok.com/@laweyerrrr0"
"=""7641485843315852053""","","=""6903041772093146113""","laweyerrrr0","Naygeulis2","udaa liat di akun @kyyl022 jelas bgt","19/5/2026, 13.28.08","1","No","0","No","https://www.tiktok.com/@laweyerrrr0"
"=""7637383338240295700""","","=""6920142347103863810""","kudetraktauapdet","notforfoundd","@F16","8/5/2026, 12.08.18","2","Yes","0","No","https://www.tiktok.com/@kudetraktauapdet"
"=""7637750779399406356""","","=""6982905329521345537""","beeeee_._n","mr.0","@Lookman","9/5/2026, 11.58.35","1","No","0","No","https://www.tiktok.com/@beeeee_._n"
"=""7637750123389059858""","","=""7072192426270721051""","suyono3537","kapal api","ws roh gung kak 😭 @VinN","9/5/2026, 11.51.33","1","No","0","No","https://www.tiktok.com/@suyono3537"
"=""7637419325594747668""","","=""6942551623697335298""","adminbumi0209","admin bumi","@dronkcoffee @startoverthingking udh liat belum 😂😂😂","8/5/2026, 14.27.51","1","No","0","No","https://www.tiktok.com/@adminbumi0209"
"=""7641883942645465876""","","=""7382611362616607750""","andrean.ws4","andrean.ws","🥰🥰🥰","20/5/2026, 15.13.05","0","No","0","No","https://www.tiktok.com/@andrean.ws4"
"=""7640398122573611797""","","=""7060151014636340229""","amd_zaini95","Netty_Zen","@Tas","16/5/2026, 15.11.05","0","No","0","No","https://www.tiktok.com/@amd_zaini95"
"=""7640369533949838098""","","=""6532504350379098114""","amtcoblokk","Blok","@dewa0198","16/5/2026, 13.16.07","0","No","0","No","https://www.tiktok.com/@amtcoblokk"
"=""7640267043645686545""","","=""7157013558298952705""","bayutrisna93","bayutrisna93","🤣","16/5/2026, 06.39.39","0","No","0","No","https://www.tiktok.com/@bayutrisna93"
"=""7638033249671168785""","","=""7301124272788358146""","kobhuhuhu_","Kayzzz👾",".","10/5/2026, 06.10.22","0","No","0","No","https://www.tiktok.com/@kobhuhuhu_"
"=""7637761905625940756""","","=""7493920614466880518""","mokad.klen","MOKAD KLEN","🥰🥰🥰","9/5/2026, 12.37.27","0","No","0","No","https://www.tiktok.com/@mokad.klen"