"Comment ID","User ID","Username","Nick Name","Comment","Comment Time","Digg Count","Author Digged","Reply Count","Pinned to Top","User Homepage"
"=""7578967647515312903""","=""7096425313802437659""","nyenyenye2in","14September","mereka charger hp dmn dah? penasaran bgt gue 😭","2/12/2025, 02.05.32","45490","Yes","88","No","https://www.tiktok.com/@nyenyenye2in"
"=""7578950405787271943""","=""7087140516945151003""","rosdianaamalia181092","R. Amalia","Lagi banjir sempet²nya wisuda 😭😭😭","2/12/2025, 00.58.30","177278","Yes","92","No","https://www.tiktok.com/@rosdianaamalia181092"
"=""7578925190735102721""","=""7525499768262067216""","apaan_aelah","gue raa anjir","kulkas kami terbang 😭","1/12/2025, 23.20.37","69321","Yes","66","No","https://www.tiktok.com/@apaan_aelah"
"=""7578925773147685639""","=""6969841867114578946""","nrmfdhh","23","lucu tapi kasian:(","1/12/2025, 23.22.52","156014","Yes","61","No","https://www.tiktok.com/@nrmfdhh"
"=""7578939887048475399""","=""6958505256376353797""","suhafrii","Fray","Tolong selamatkan banjir di Medan. Pray for banjir","2/12/2025, 00.17.46","61852","Yes","79","No","https://www.tiktok.com/@suhafrii"
"=""7578933799288390408""","=""7541321822399398917""","adorabella14","lave.na♡","""sampe ke rawa rawa"" pecah bngt ketawa gw😭","1/12/2025, 23.54.04","48179","Yes","63","No","https://www.tiktok.com/@adorabella14"
"=""7579105738225877767""","=""6781000771838690305""","harinisondakh","Harini Sondakh","Santai kayak di pantai..","2/12/2025, 11.01.26","11480","No","23","No","https://www.tiktok.com/@harinisondakh"
"=""7578937297078403848""","=""7233712433385980929""","tehssrigulabatu","gulabatu","""adek itu plg sklh, kami plg wisuda"" ringan kali bah macam gk ada beban idup nya we 😭😭","2/12/2025, 00.07.39","6992","Yes","9","No","https://www.tiktok.com/@tehssrigulabatu"
"=""7579008188977169153""","=""7431713361845175312""","agung.id73","Agnx | IG : @아궁 부하리⍢⃝","bisa' nya ada tukang bakso😭","2/12/2025, 04.42.50","18632","Yes","39","No","https://www.tiktok.com/@agung.id73"
"=""7579076531076121352""","=""6887759562776134658""","id.r2509","id.r2509","medan sedihnya kalo lagi ngapain si ? 😭","2/12/2025, 09.08.01","1229","Yes","61","No","https://www.tiktok.com/@id.r2509"
"=""7578929704108606226""","=""7449174946007286800""","cintasayang1222","sayangmu","banjir nya langsung trauma ke medan😭","1/12/2025, 23.38.13","7678","Yes","9","No","https://www.tiktok.com/@cintasayang1222"
"=""7579068681754690322""","=""7189441242001507330""","mydaysn","greylight0_0","sempet sempet nya jualan bakso😭😭","2/12/2025, 08.37.36","10434","No","23","No","https://www.tiktok.com/@mydaysn"
"=""7578895064476533512""","=""7429196096222381062""","mirza_madrid1","★»MIRZA »★","dikasih cobaan malah di cobain😭😭","1/12/2025, 21.23.45","58909","Yes","53","No","https://www.tiktok.com/@mirza_madrid1"
"=""7578934600639464213""","=""6890034148364567554""","hiiraa62","Xzaraadiarylime","anj gda sedih2 nya 😭","1/12/2025, 23.57.10","757","Yes","9","No","https://www.tiktok.com/@hiiraa62"
"=""7579057165643924225""","=""7075923773807363074""","ddstdea_","widess🪽","HIDUP DI INDONESIA SERU GASI ? Ada aja gitu kelakuan nya yang diluar nalar 😂🤣","2/12/2025, 07.53.04","1089","Yes","15","No","https://www.tiktok.com/@ddstdea_"
"=""7578874706746344199""","=""7342819421343269893""","putra_saja_06","PUTRA_SAJA💫💥","enak ya ada kolam renang gratis","1/12/2025, 20.04.43","6558","Yes","11","No","https://www.tiktok.com/@putra_saja_06"
"=""7578952597500576519""","=""7346983231755142149""","mellaniyar","Yustika__","Masih jualan bakso dia 😭","2/12/2025, 01.07.03","1255","Yes","16","No","https://www.tiktok.com/@mellaniyar"
"=""7579036412484141832""","=""7537907532196103186""","atickaaah","A","GA KUAT BANGET SAMA BANJIR MEDAN CORE 😭😭😭","2/12/2025, 06.32.42","5757","Yes","7","No","https://www.tiktok.com/@atickaaah"
"=""7578957383343440658""","=""7125107014473319426""","_thisisaprills","Thisisaprills","gue dirumah nangisin kalian weeeeee😭😭","2/12/2025, 01.25.35","3417","Yes","38","No","https://www.tiktok.com/@_thisisaprills"
"=""7578892082581848850""","=""7493372127787353096""","auliakeceaja","GK tau","enak juga ya warga medan bisa berenang tanpa bayar","1/12/2025, 21.12.11","1153","No","6","No","https://www.tiktok.com/@auliakeceaja"
"=""7579072424358265618""","=""6960489427601130497""","chaaaaaaaja","Chaaaaaaa13","Pray for medan❌ pray for banjir✅","2/12/2025, 08.52.09","734","Yes","4","No","https://www.tiktok.com/@chaaaaaaaja"
"=""7578919516806857493""","=""7457484618092315665""","__aisyah.zzhrh","aiss lolos snbt aamiin 🤍","itu yg video pertama dia nanya apa sih","1/12/2025, 22.58.38","165","Yes","3","No","https://www.tiktok.com/@__aisyah.zzhrh"
"=""7578938944512770817""","=""7509344234810852369""","ivanka_dty","D","epic bnget kulkas terbang😭","2/12/2025, 00.14.04","9063","No","12","No","https://www.tiktok.com/@ivanka_dty"
"=""7578977834040836871""","=""7229721525540504578""","arsyadpohan.16","Arsyad225","serius dikit la wee..
biar dapat bantuan kita 😅😅","2/12/2025, 02.45.02","715","No","40","No","https://www.tiktok.com/@arsyadpohan.16"
"=""7578947150298743560""","=""6862958440304002049""","aristafernanda29","aristafrnd_","makasih ya kalian ga berlarut² sedihnya, semoga cepat membaik 🤍🤍","2/12/2025, 00.45.53","3501","Yes","11","No","https://www.tiktok.com/@aristafernanda29"
"=""7578929797360763666""","=""7274450168484086789""","im_kyle071","Rial Kyle","Kulkas terbang?😭","1/12/2025, 23.38.31","6900","No","18","No","https://www.tiktok.com/@im_kyle071"
"=""7579087886311424775""","=""6892055895758341121""","najmazahira_6","najma","pecah ktw gue pas motor distater😭😭😭","2/12/2025, 09.52.03","1863","Yes","19","No","https://www.tiktok.com/@najmazahira_6"
"=""7581115163198735105""","=""6965484303455765510""","nonikarmila06","Noni karmila","liat banjir medan core lucu, liat lagi banjir Aceh ga bsa berkata-kata 😭","7/12/2025, 20.58.52","41","No","2","No","https://www.tiktok.com/@nonikarmila06"
"=""7578933625711723281""","=""7049299095534322690""","bualan_pikiran","cuwy","anjir pecah ketawa gue pas dia starter motornya 😭😭😭","1/12/2025, 23.53.25","379","Yes","9","No","https://www.tiktok.com/@bualan_pikiran"
"=""7579041946175357704""","=""7249382347307533317""","adalahpokoknyaaa____","ㄥㄩㄒ卩丨卂几🕸️","bukannya berduka malah suka😭🙏","2/12/2025, 06.54.02","408","Yes","11","No","https://www.tiktok.com/@adalahpokoknyaaa____"
"=""7579137002768368392""","=""6853654435038856194""","yolandd_nanddha","Anghelista Yolandd","Setelah banjir Bali core muncul lah Medan banjir Core 😭😭","2/12/2025, 13.02.38","430","Yes","2","No","https://www.tiktok.com/@yolandd_nanddha"
"=""7578963736388715282""","=""7288673060865475586""","lizanew52","simelekete","ini beda daerah kah sma yg rumah2 yg roboh itu😭","2/12/2025, 01.50.18","9","No","3","No","https://www.tiktok.com/@lizanew52"
"=""7579184627093521160""","=""7000019548473525274""","evabrsaragih","evabrsaragih","Ngelihat Banjir di medan lucu, banjir di batang toru gak bisa berkata kata","2/12/2025, 16.07.23","177","Yes","5","No","https://www.tiktok.com/@evabrsaragih"
"=""7579057308107834130""","=""6789520668037809153""","hellowwcutiee","hellowwcutiee","kata pemerintah kan baik2 aja gak separah itu, mungkin mereka ngeliat video banjir core kayk gini kli ya","2/12/2025, 07.53.38","43","No","2","No","https://www.tiktok.com/@hellowwcutiee"
"=""7579028029193323271""","=""6533128577574895618""","iwantarigan07","Tarigan03","Paling gong “kok bisa kulkas terbang weee??” Anjj lah🤣🤣","2/12/2025, 05.59.54","462","Yes","2","No","https://www.tiktok.com/@iwantarigan07"
"=""7579026544535782162""","=""7461190159665988616""","quindy00","QUINDYY","kulkas terbang 😭😭😭","2/12/2025, 05.54.17","512","Yes","2","No","https://www.tiktok.com/@quindy00"
"=""7578916625391682322""","=""7399827827832734725""","pandanew010","-Bitxz14😘","baru kali ini Medan banjir SE gitu soalnya","1/12/2025, 22.49.14","331","Yes","2","No","https://www.tiktok.com/@pandanew010"
"=""7578910101458748168""","=""6958324118027568133""","rizkiyiky2","2011","tapi sekolah ya libur kn🗿","1/12/2025, 22.22.07","32","Yes","6","No","https://www.tiktok.com/@rizkiyiky2"
"=""7579180737754546952""","=""7050490078657774619""","drmaprtma_30","darmaaa★","klakson supranya😭","2/12/2025, 15.52.25","82","No","2","No","https://www.tiktok.com/@drmaprtma_30"
"=""7578934297613681416""","=""7567585960923513874""","memey.747","Puput","kak kok bsa kulkasnya terbang🤣🤣🤣","1/12/2025, 23.56.02","91","No","8","No","https://www.tiktok.com/@memey.747"
"=""7579063107210183442""","=""7006491166368105473""","dahliaaa20","Dahliaaa lia","kapan negara ini serius 🗿","2/12/2025, 08.15.59","99","No","3","No","https://www.tiktok.com/@dahliaaa20"
"=""7579030093357695762""","=""6909620218080838657""","inri112","Inri Tarigan","Payah kali kurasa liat fyp ku ini, dikit2 aku nangis scroll lagi ketawak ngikngik dapat lagi banjir medan core pulaknya","2/12/2025, 06.08.13","343","No","9","No","https://www.tiktok.com/@inri112"
"=""7579075188626424594""","=""7103908378842432514""","mayasimanjuntak617","Br Simanjuntak ht bl 16","banjir di medan jd bahan tawa candaan,beda bgt dgn banjir di daerah lain","2/12/2025, 09.02.51","15","No","1","No","https://www.tiktok.com/@mayasimanjuntak617"
"=""7579058810779534100""","=""7509805764291675143""","ttehalit","Tteh Sunda","dikasih cobaan malah dicobain😂","2/12/2025, 07.59.25","80","No","4","No","https://www.tiktok.com/@ttehalit"
"=""7579043520461079303""","=""6794047661781713922""","amanda36484","Madu🐝","lebih seru liat vt banjir core ,ketimbang liat berita perselingkuhan Mulu 😂😭","2/12/2025, 07.00.07","1166","No","5","No","https://www.tiktok.com/@amanda36484"
"=""7579131517645996808""","=""6625836037107531777""","fifipakef","ficesarrr","Banjir ga ada harga dirinya di medan😭🙏","2/12/2025, 12.41.20","52","Yes","1","No","https://www.tiktok.com/@fifipakef"
"=""7579040883527811858""","=""7303190306777531397""","vounzier","𓆝 𓆟 𓆞","masih bisa ngelucu yaallah, stay safeee","2/12/2025, 06.50.02","21","No","2","No","https://www.tiktok.com/@vounzier"
"=""7579051964848734984""","=""7449542377452389394""","sayangafraa","raaaaaaa","tak kasihani lho padahal mereka 😭ternyata mereka malah bahagia disana😭baik baik deh kaliann😭","2/12/2025, 07.32.44","6","No","1","No","https://www.tiktok.com/@sayangafraa"
"=""7578940925688087316""","=""6614858870340993026""","amedeketu6","plottwist🌻","kulkas nya 😭","2/12/2025, 00.21.49","104","Yes","4","No","https://www.tiktok.com/@amedeketu6"
"=""7578940403183682325""","=""6972870872097195009""","ikan957","neng Sunda","gue nangisi Mulu liat berita banjir bandang..liat hewan "" nya yang kehilangan tempat hidup nya ...","2/12/2025, 00.19.42","42","No","1","No","https://www.tiktok.com/@ikan957"
"=""7579019891367166741""","=""7023975421704864794""","allrekomendasii","Reffalshop","05:28 ada yang masih hidup?","2/12/2025, 05.28.33","83","No","5","No","https://www.tiktok.com/@allrekomendasii"
"=""7578923797005878024""","=""7167765389949027355""","muhammadsandi198","MS_(ank musang)","udh lh tidur dlu aku we capek 🥺😴","1/12/2025, 23.15.13","10","No","1","No","https://www.tiktok.com/@muhammadsandi198"
"=""7579032591149515528""","=""7223364247760323586""","kang_ngocokkk","Ethan Lin","kok bru upload? bru ada sinyal kah?😭","2/12/2025, 06.18.07","17","Yes","3","No","https://www.tiktok.com/@kang_ngocokkk"
"=""7578922892428133138""","=""6909716471729161218""","baim_lol","putri🤏","sekilas info air udah nyampek sebutung yaa,,pcah ketawa gua cokk😹😹","1/12/2025, 23.11.41","105","Yes","1","No","https://www.tiktok.com/@baim_lol"
"=""7578926555159413511""","=""7479087494723273729""","qyaa0523","kepoo💤👁️‍🗨️","kulkas kami terbang anjirr lahh😭😭","1/12/2025, 23.25.58","5","No","1","No","https://www.tiktok.com/@qyaa0523"
"=""7579154661090673416""","=""7404842898531419141""","relynn__07bilraa",".Relyn bill","GW SHOCK PAS LIAT NI KULKAS😭","2/12/2025, 14.11.15","14","No","0","No","https://www.tiktok.com/@relynn__07bilraa"
"=""7579157828390421255""","=""7283480938398860293""","cforaca._","©","pecah bgt pas bagian kulkas😭","2/12/2025, 14.23.29","12","No","1","No","https://www.tiktok.com/@cforaca._"
"=""7579159958588375816""","=""7224045898358719515""","safyraimut_","Safyra_","Definisi di kasih cobaan malah di cobainn 🤣🤣","2/12/2025, 14.31.42","9","No","1","No","https://www.tiktok.com/@safyraimut_"
"=""7578894924856132359""","=""7545408070403261458""","zack_20014","Zki🩻🪫","takut bet kalo ada ular😭","1/12/2025, 21.23.11","9","No","1","No","https://www.tiktok.com/@zack_20014"
"=""7578961229466862343""","=""7492684171643716663""","emakauuuuu","SALAH JAGA","Gapernah serius negara ini anj😭😭😭😭🤣🤣🤣","2/12/2025, 01.40.36","61","No","2","No","https://www.tiktok.com/@emakauuuuu"
"=""7579265660749185813""","=""6893763368378942465""","anotherahmm","rahmm࣪𖤐.ᐟ","serius dikit lah bujang 😭","2/12/2025, 21.21.50","14","No","2","No","https://www.tiktok.com/@anotherahmm"
"=""7579145432897405717""","=""7433411776153551877""","freeblua","𝑎𝑚𝑜𝑟𝑒💐","takutt banget digigit ikan hiu 😭🙏","2/12/2025, 13.35.23","14","No","0","No","https://www.tiktok.com/@freeblua"
"=""7579131076279829264""","=""59429738322112512""","ahelens","Helens","Pecah ketawa di “kulkas terbang” 😭😭😭😭😭😭😭","2/12/2025, 12.39.42","17","No","0","No","https://www.tiktok.com/@ahelens"
"=""7578935056639705864""","=""7377041799124665361""","kimkenny16","kimkenny","Indonesia kapan seriusnya sih anjjj 😭😭😭😭","1/12/2025, 23.58.56","200","Yes","0","No","https://www.tiktok.com/@kimkenny16"
"=""7579147770600375060""","=""6880039611894580225""","iniakuuuahaha_","Abengggg","yg paling gong kulkas terbang","2/12/2025, 13.44.33","19","No","0","No","https://www.tiktok.com/@iniakuuuahaha_"
"=""7579148870476333832""","=""7459314982796280849""","sahlakbar24","Unknown","""dikasih cobaan kita cobain""
MENYALA QUEENNNN","2/12/2025, 13.48.42","37","No","0","No","https://www.tiktok.com/@sahlakbar24"
"=""7579143475519095559""","=""7358672778915152897""","creamy_blast","caramel","mau nolong tapi yang mau ditolongin kayak ga terjadi apa-apa🙏😭","2/12/2025, 13.27.44","9","No","1","No","https://www.tiktok.com/@creamy_blast"
"=""7579077679098430229""","=""6813536998307021825""","alvinnsr","Apin","Banjir ngungsi❌banjir wisuda✅","2/12/2025, 09.12.26","12","No","0","No","https://www.tiktok.com/@alvinnsr"
"=""7579201901762478856""","=""7216248917204173851""","kj.patulofficial1","kj.phatul","Medan❎
edan✅","2/12/2025, 17.14.26","14","No","0","No","https://www.tiktok.com/@kj.patulofficial1"
"=""7579191953293165332""","=""6892624527534343170""","seraphinadelune","seraphina🦢🕊️","""nah ini dia kulkas kami terbang"" 😭😭","2/12/2025, 16.35.50","16","No","0","No","https://www.tiktok.com/@seraphinadelune"
"=""7579145145876153109""","=""6883257416650228738""","fitriyaniii45","piti","dikasi cobaan mala dicobain😭","2/12/2025, 13.34.20","12","No","0","No","https://www.tiktok.com/@fitriyaniii45"
"=""7638963393088930581""","=""7461510533130175509""","eli.sunanti","just_nay??","untung aku selamat dari banjir medan","12/5/2026, 18.19.40","1","No","0","No","https://www.tiktok.com/@eli.sunanti"
"=""7587205942863020816""","=""7547611895671620624""","clsvp4","CLAS V 💤💤💤","Lampung banjir core","24/12/2025, 07.03.35","0","No","0","No","https://www.tiktok.com/@clsvp4"
"=""7579135675694498578""","=""7093990901055505409""","jajaudahmandi","oemji'jja","the real "" DIKASIH COBAAN KITA COBAIN 😭 ""","2/12/2025, 12.57.26","25","No","0","No","https://www.tiktok.com/@jajaudahmandi"
"=""7578940882755207944""","=""7363692889249465360""","tehyunkk_","aYam_GepreK","medan bencana di seriusin ❎ bencana di becandain ✅ 😭","2/12/2025, 00.21.34","25","No","0","No","https://www.tiktok.com/@tehyunkk_"
"=""7578927077651579649""","=""6542353667164110850""","vyllnnn","Dev'Anza","kulkas terbang😭😭","1/12/2025, 23.27.58","31","No","0","No","https://www.tiktok.com/@vyllnnn"
"=""7578947523646718728""","=""7260397070787347462""","fe___72","mbaa jawa🦭","dunia sibuk bgttt😭😭","2/12/2025, 00.47.21","10","No","0","No","https://www.tiktok.com/@fe___72"
"=""7579061151948325652""","=""6841173261986120706""","marianisirega","Mariani Siregar Leo","tadi baru lihat bencana Sibolga tiba tiba lewat banjir Medan core","2/12/2025, 08.08.35","22","No","0","No","https://www.tiktok.com/@marianisirega"
"=""7578931984354607890""","=""6821884642784232449""","piiiakk","𝖋 𝖎 𝖆","sampai ke rawa rawa😭","1/12/2025, 23.47.01","36","No","0","No","https://www.tiktok.com/@piiiakk"
"=""7579123433293398802""","=""6781430191530394626""","selg0oom","♡ ˚ ༘ 🎀💭 ⊹ ˚˖","Anjir kulkas😭😭🤣","2/12/2025, 12.10.01","16","No","0","No","https://www.tiktok.com/@selg0oom"
"=""7579105331102532360""","=""7421876437265499141""","zaa_imutbgt","^᪲᪲","salfok kulkasnya nempel di dinding","2/12/2025, 10.59.47","7","No","0","No","https://www.tiktok.com/@zaa_imutbgt"
"=""7579078807647339272""","=""7419949172705510405""","syifaazkia96","~asaaa","kulkas terbang 😭","2/12/2025, 09.16.52","10","No","0","No","https://www.tiktok.com/@syifaazkia96"
"=""7579057820613296914""","=""6791181775009858562""","silverqueen_34","Rapunzel","the real ""di kasih cobaan kita cobain""😭🤣","2/12/2025, 07.55.27","11","No","0","No","https://www.tiktok.com/@silverqueen_34"
"=""7578916887309189908""","=""7524180723352421396""","bilqis.adiba.shak","qissss🖤bilqqq🌹","yg pertama anjir","1/12/2025, 22.48.25","22","No","0","No","https://www.tiktok.com/@bilqis.adiba.shak"
"=""7578930919454802696""","=""6828157715723863042""","riska_ii1","🦕","jdi bingung mau sedih atau ketawa😭","1/12/2025, 23.42.59","117","No","0","No","https://www.tiktok.com/@riska_ii1"
"=""7579031130977698567""","=""7186210007556621338""","mrs..akbar3","Nonni Isabella","Pliiiss banjir di medan udah gada harga dirinya😭😭😭😭","2/12/2025, 06.12.05","23","No","0","No","https://www.tiktok.com/@mrs..akbar3"
"=""7578926746751386386""","=""7436758389143979015""","m.rizkyerlangga77","𝙈. 𝙍𝙄𝙕X𝙔®⚡","kulkasnya takut air","1/12/2025, 23.26.44","8","No","0","No","https://www.tiktok.com/@m.rizkyerlangga77"
"=""7578936013059359506""","=""7173483290698777626""","firlydnda","firlydnda","PECAH BGT TAWA GUAA YG KULKAS TERBANG😭😭😭","2/12/2025, 00.02.49","96","No","0","No","https://www.tiktok.com/@firlydnda"
"=""7579035118259733255""","=""6878458958476428290""","libraaa479","libra🪐","banjir disitu kek udah gaada harga diri nya😭","2/12/2025, 06.27.38","17","No","0","No","https://www.tiktok.com/@libraaa479"
"=""7578944684924830482""","=""6937491108340204545""","usernot.found_nt","YesI’amNanaaaa","Yg makan bakso plis lahhhhhh, perut yg utama eakannn😭😁","2/12/2025, 00.36.19","26","No","0","No","https://www.tiktok.com/@usernot.found_nt"
"=""7578911966362911505""","=""7326915477758018565""","yamet95","DHOT ROL","kulkas terbang core","1/12/2025, 22.31.48","187","No","0","No","https://www.tiktok.com/@yamet95"
"=""7579049660083028756""","=""6961169464364975110""","callingmeright","i'm ra h","kulkas terbang😭","2/12/2025, 07.23.57","11","No","0","No","https://www.tiktok.com/@callingmeright"
"=""7579036481907901191""","=""7251061266152195073""","ciggaretesaftercryy","ilovelamango","yang klakson motor ""happy new yearrr""","2/12/2025, 06.32.56","7","No","0","No","https://www.tiktok.com/@ciggaretesaftercryy"
"=""7579077105976673032""","=""6954898458932020226""","irfsr2007","🍀Indonesian girl☘️","""sampai ke rawa²""😭","2/12/2025, 09.10.14","11","No","0","No","https://www.tiktok.com/@irfsr2007"
"=""7579119504589587221""","=""7493170260582646802""","meenama_07","Meenama","mental konoha emg ga kaleng² sih 😭","2/12/2025, 11.54.47","18","No","0","No","https://www.tiktok.com/@meenama_07"
"=""7579147322858586888""","=""7520478590824203282""","likenime_","私-( rynee.","itu ke campur air WC ga si?😭😭","2/12/2025, 13.42.44","11","No","0","No","https://www.tiktok.com/@likenime_"
"=""7579167484890301191""","=""6959282149015503877""","06_gemini16","♊ Geminiii MLBB","kulkas nya😭","2/12/2025, 15.00.59","8","No","0","No","https://www.tiktok.com/@06_gemini16"
"=""7578944181848294162""","=""7418468932677944325""","susukental210","KECAP MANIS🪼","gak ada ekspresi susahnya jirr😭😭","2/12/2025, 00.34.22","61","No","0","No","https://www.tiktok.com/@susukental210"
"=""7579054490968703764""","=""7240709276267840517""","asramagenz__editzzzz","AGZ","kak wisudanya gak bisa di tunda dulu yaa😭😭","2/12/2025, 07.42.36","12","Yes","0","No","https://www.tiktok.com/@asramagenz__editzzzz"
"=""7579063826798052103""","=""6533560202138501121""","mbakdiill","ALDILA AMOR","Medan full anomali😭😭😭😭","2/12/2025, 08.18.48","13","No","0","No","https://www.tiktok.com/@mbakdiill"
"=""7595575644911502101""","=""7257542647454712837""","irma140426","Irma🫀","please ini boleh ketawa nggk sih?🗿😭","15/1/2026, 20.12.53","5","No","0","No","https://www.tiktok.com/@irma140426"
"=""7595118004696171281""","=""7479408213583889424""","rafa.avilash","rafa avilash","gan
jar gak tu","14/1/2026, 14.37.07","5","No","0","No","https://www.tiktok.com/@rafa.avilash"
"=""7578931639569777429""","=""7382946681245008901""","_dedel.aja","gd nma","gd serius"" nya medan ini kacoo kali ku tngok 😭😭","1/12/2025, 23.47.47","93","No","0","No","https://www.tiktok.com/@_dedel.aja"
"=""7579114154297131793""","=""7097589314221999131""","tipsnhox","tipsnhoxinh_","yang bener sikit lah bujang 😭","2/12/2025, 11.34.00","6","No","0","No","https://www.tiktok.com/@tipsnhox"
"=""7579228183288529685""","=""6837286155151836162""","elevenov.ar","oreology.","WISUDA ANJIR 😭😭😭😭😭","2/12/2025, 18.56.26","6","No","0","No","https://www.tiktok.com/@elevenov.ar"
"=""7579136494469956373""","=""6955753030186222593""","chewwies___","chelle","dikasih cobaan ya di cobain","2/12/2025, 13.00.46","7","No","0","No","https://www.tiktok.com/@chewwies___"
"=""7579046351934259969""","=""6706161556465779714""","panggilgwuwii","Duwi Lestari","yg paling gong nya kulkas terbang 😭😭😭","2/12/2025, 07.10.58","9","No","0","No","https://www.tiktok.com/@panggilgwuwii"
"=""7579158409134375698""","=""7503375484526658561""","user5302011001690","Hana🫰👀","""kulkas terbang"" 😭😭😭🗿","2/12/2025, 14.25.40","7","No","0","No","https://www.tiktok.com/@user5302011001690"
"=""7579082743104373505""","=""7352931465590604806""","nixx.vel","N i x x","ga expect kulkasnya kocakkk 😭😭😭","2/12/2025, 09.32.05","20","Yes","0","No","https://www.tiktok.com/@nixx.vel"
"=""7579071539645383444""","=""7458498589392847873""","yakkkrn0403","Yakkk","cuma ada di medan, kulkas bisa terbang🤣","2/12/2025, 08.48.51","3","No","0","No","https://www.tiktok.com/@yakkkrn0403"
"=""7579051670077080337""","=""7478311749013750792""","nei_aritonang_rgk16","Nei_brAritonang_bre_nainggolan","banjir pun udh ga ada harga diri nya lg di medan 😭😂😂😂😂","2/12/2025, 07.31.55","20","No","0","No","https://www.tiktok.com/@nei_aritonang_rgk16"
"=""7579135473093985031""","=""7518351668330710023""","agayp8","Angga🚀","sempet sempet nya jirr makan baksoo😭😭","2/12/2025, 12.56.42","7","No","0","No","https://www.tiktok.com/@agayp8"
"=""7579021457998234384""","=""6838619308572263425""","hrdntkdr","Cotokuda🍲","sangat menikmati cobaan","2/12/2025, 05.34.26","22","No","0","No","https://www.tiktok.com/@hrdntkdr"
"=""7579117837634470663""","=""7520260500195492872""","llitzzyw._1","￴￴caca fly high.","berenang ga perlu di pantai...","2/12/2025, 11.48.16","6","No","0","No","https://www.tiktok.com/@llitzzyw._1"
"=""7579178483814089480""","=""7458574741717648392""","m_lovenaa","m!lovena֟a ୨ৎ","medan nih apapun masalahnya di bawa seneng aja 😭","2/12/2025, 15.43.34","6","No","0","No","https://www.tiktok.com/@m_lovenaa"
"=""7579083641507906312""","=""6525748540617474049""","daddellion","Mel","ga expect yng kulkas nya 😭","2/12/2025, 09.35.35","11","No","0","No","https://www.tiktok.com/@daddellion"
"=""7579083836211036946""","=""73012007990""","usisoniaa_","Usiโซเนีย🌻","ada aja core banjir beginian","2/12/2025, 09.36.18","6","No","0","No","https://www.tiktok.com/@usisoniaa_"
"=""7579204380073018120""","=""7472307909239260167""","riskaanandap","Riska_doang","ga ada panik-panik nya pliss 😭","2/12/2025, 17.28.14","6","No","0","No","https://www.tiktok.com/@riskaanandap"
"=""7579106652260107015""","=""6546722758587891714""","yulianasndr","yulay17","dikasih coba an malah dicobain 😭","2/12/2025, 11.04.53","7","No","0","No","https://www.tiktok.com/@yulianasndr"
"=""7579216199322878738""","=""7227549610150069275""","langit__ku","Langit ku","Dari negara di asia tenggara yang kena banjir, cuma Indonesia yang punya banjir core 😭, negara gue orang""nya yang selalu bahagia dalam kondisi apapun, jangan bubar dulu yaa pliss, kita bersatu lagi yuk jangan mau dipecah belah 🙏🙏🙏","2/12/2025, 18.09.58","16","No","0","No","https://www.tiktok.com/@langit__ku"
"=""7579187053821920020""","=""6824538924385616898""","jj.jeci","frryjsllypmngks","YANG KULKAS TERBANG😭💔","2/12/2025, 16.16.54","5","No","0","No","https://www.tiktok.com/@jj.jeci"
"=""7579182347079418632""","=""6873002152236499970""","nurmaa.hs","Nurma HS","definisi, Mensyukuri apapun yang allah berikan😁","2/12/2025, 15.58.38","5","No","0","No","https://www.tiktok.com/@nurmaa.hs"
"=""7579213165843628818""","=""7545702761535570961""","irsyadabdirsyadabdillah3","ubed_155","bumi sudah tua nih bree","2/12/2025, 18.01.59","5","No","0","No","https://www.tiktok.com/@irsyadabdirsyadabdillah3"
"=""7579173031546503954""","=""7555543438075757575""","dinana9127","dina","kasian sama banjirnya😢","2/12/2025, 15.22.28","5","No","0","No","https://www.tiktok.com/@dinana9127"
"=""7579235825290248978""","=""6658599700588003329""","intanjulitaar","DekNcut10","Mereka masih bisa tersenyum😭😭","2/12/2025, 19.26.05","5","No","0","No","https://www.tiktok.com/@intanjulitaar"
"=""7579179113660941074""","=""6859514483430835206""","_crcus","Alonica","dikasih cobaan malah dicobain🗿","2/12/2025, 15.46.03","5","No","0","No","https://www.tiktok.com/@_crcus"
"=""7579052026123223825""","=""7528506724699325457""","asterac.eae","𝓐𝓲𝓻𝓵𝓲𝓷","Yang kulkas paling gong😭","2/12/2025, 07.33.01","5","No","0","No","https://www.tiktok.com/@asterac.eae"
"=""7579211873620771601""","=""7326442808993727494""","rysma_27","Rysma","ini namanya ,,dikasi cobaan ,mereka tetap ambil sisi positifnya dan ambil sisi baiknya aja","2/12/2025, 17.53.11","5","No","0","No","https://www.tiktok.com/@rysma_27"
"=""7578937333275656980""","=""7476153020050818064""","cookiesnchesee","chukaidako","abg baso tetep buka lo weee","2/12/2025, 00.07.52","8","No","0","No","https://www.tiktok.com/@cookiesnchesee"
"=""7579059827041780487""","=""6566449658502217729""","hiibyyniiu","hii_✨","banjir tak menghalangi kami cari rejeki, bakso tutup kalo kiamat doang😭","2/12/2025, 08.03.07","19","No","0","No","https://www.tiktok.com/@hiibyyniiu"
"=""7579018889951986440""","=""6700488951763682305""","vina.s27","Vina santika","Yang makan bakso takut bgt kuah nya pke air banjir😭","2/12/2025, 05.24.31","21","Yes","0","No","https://www.tiktok.com/@vina.s27"
"=""7579036635603354375""","=""7443581379437298704""","mang_yadi17","Mang Yadi","banjir nomor 2 bakso nomor 1😂","2/12/2025, 06.33.22","6","No","0","No","https://www.tiktok.com/@mang_yadi17"
"=""7579110662866699026""","=""6907558310624822273""","rohidanopita","pitaa","orang berduka mereka berbahagia 😭😭","2/12/2025, 11.20.25","11","No","0","No","https://www.tiktok.com/@rohidanopita"
"=""7579050157586236178""","=""6940604522784965634""","lalagirlss1","lala_12","medan trauma banjir ❎
banjir trauma ke medan✅","2/12/2025, 07.25.48","46","No","0","No","https://www.tiktok.com/@lalagirlss1"
"=""7579054671182218004""","=""7210556329491137538""","marissa_celsy","IG:celsy_tinambunan","medan emng gak cocok banjir😂","2/12/2025, 07.43.29","13","No","0","No","https://www.tiktok.com/@marissa_celsy"
"=""7579017307411563272""","=""6781769536795542529""","fitriiiiii000000","aprilnew","kak kok kulkasnya terbang diaa😭😭","2/12/2025, 05.18.18","17","No","0","No","https://www.tiktok.com/@fitriiiiii000000"
"=""7579217600182682386""","=""6869612445384655873""","tmpekk77","Alpin punya ⛓️","""dikasi cobaan kita cobain"" 😭😭","2/12/2025, 18.15.24","5","No","0","No","https://www.tiktok.com/@tmpekk77"
"=""7579037219429827346""","=""6877377330802770945""","archv.abd","archv.abd","Guru matematika: tetep sekolah ya anak anak","2/12/2025, 06.35.53","16","No","0","No","https://www.tiktok.com/@archv.abd"
"=""7579186555874116360""","=""7457531569537778705""","izuka.ich","Sochi","""pernah liat kulkas terbang?, nah ini dia kulkas kami, terbang""😭","2/12/2025, 16.14.54","10","No","0","No","https://www.tiktok.com/@izuka.ich"
"=""7579065839463236369""","=""7080335254360425477""","yummy4u1","@.N.","bykk bgt yg hruss dibahass😭😭😭","2/12/2025, 08.26.31","5","No","0","No","https://www.tiktok.com/@yummy4u1"
"=""7641498263102784263""","=""7614114860880708628""","putryii56","🥀","enak banget bisa iburan","19/5/2026, 14.16.07","0","No","3","No","https://www.tiktok.com/@putryii56"
"=""7579072491298358032""","=""6658056521404317698""","sunda_sagi12","NayyNayy ♐","😂😂😂😂 pecah ketawaku di suara klakson motor","2/12/2025, 08.52.20","4","No","5","No","https://www.tiktok.com/@sunda_sagi12"
"=""7578923065649283856""","=""7086802148004938779""","piksenblue","𝙫𝙞𝙭𝙞𝙤𝙣 𝙗𝙡𝙪𝙚🫐","kan ada listrik trus klo kabel listrik nya kena air gimana ya apa ga kesetrum 😭","1/12/2025, 23.12.22","4","No","3","No","https://www.tiktok.com/@piksenblue"
"=""7618518457910854420""","=""6838906676588348418""","putratriatna","★","izin tagg😭","18/3/2026, 16.02.55","0","No","1","No","https://www.tiktok.com/@putratriatna"
"=""7579107339882644245""","=""6873634185178039297""","ayu_zai","Martandiraaa","Gimana mau masuk berita Nasional kalo kek gini semua isinya 😭 tolong lah we, serius dikit Kelen 😂","2/12/2025, 11.07.31","3","No","3","No","https://www.tiktok.com/@ayu_zai"
"=""7578937458872681236""","=""6905259277200753665""","salsabilla89561","sabill","baru tau gw ama kulkas terbang wkwkwk😂😂😂","2/12/2025, 00.08.16","5","No","0","No","https://www.tiktok.com/@salsabilla89561"
"=""7578926771039732498""","=""6889039966921278465""","bontot__18","bontot:)","ini ketawa gapapa kan 😭","1/12/2025, 23.26.45","5","No","0","No","https://www.tiktok.com/@bontot__18"
"=""7579028404009485074""","=""7366557806281229318""","deviaaaaa98","mba ayy 🌚","indonesia serius sedikit bisa gak sih 😌😭","2/12/2025, 06.01.33","5","No","0","No","https://www.tiktok.com/@deviaaaaa98"
"=""7578930947396109076""","=""6940996954400113666""","rckytpl","rik.","kulkas terbang[cry]","1/12/2025, 23.43.00","35","No","0","No","https://www.tiktok.com/@rckytpl"
"=""7579026934882960144""","=""6781844837873370114""","mocafloatdrink","erlindaayu","dikasi cobaan malah dicobain anying😭","2/12/2025, 05.55.53","15","No","0","No","https://www.tiktok.com/@mocafloatdrink"
"=""7579158644987003666""","=""6977174098733581318""","dirrrsaaaa","d","aja aja ada orang' medan ni😭","2/12/2025, 14.26.37","7","No","0","No","https://www.tiktok.com/@dirrrsaaaa"
"=""7578952073824731911""","=""7154752487923401754""","rmn_khey","Radelaega","keknya fyp bpk yg blg ""tidak semencekam yg ada disosmed"" ini deeh haha 🙂🙂","2/12/2025, 01.05.03","18","No","0","No","https://www.tiktok.com/@rmn_khey"
"=""7579023939666854676""","=""7383669118051877893""","ikan.hiu712","ikan hiu","Motor bengek😭 kulkas terbang😩","2/12/2025, 05.44.05","5","No","0","No","https://www.tiktok.com/@ikan.hiu712"
"=""7579035939952722689""","=""6547206839217602562""","its_butterfly____","butterfly 🦋","ini banjir nya yg trauma kesana😭","2/12/2025, 06.31.07","7","No","0","No","https://www.tiktok.com/@its_butterfly____"
"=""7579096763338081044""","=""6771299693667927042""","afillaa3","tiaaaa🍫","banjir pun ga ngaruh ttep jualan bakso🤣🤣","2/12/2025, 10.26.35","12","No","0","No","https://www.tiktok.com/@afillaa3"
"=""7579059905430274837""","=""7476741855007392774""","iliaaayu","iliaayy🫧🌻","Kulkasnya bisa nyangkut gitu 😭","2/12/2025, 08.03.42","12","No","0","No","https://www.tiktok.com/@iliaaayu"
"=""7578915653508432656""","=""7527645830187942930""","pakamba8","ambatukam","sampe apa tadi🗿","1/12/2025, 22.43.41","5","No","0","No","https://www.tiktok.com/@pakamba8"
"=""7579220662489891592""","=""7161945017589777435""","rrozyyss","Zyy rorr","banjir pun trauma nengok nya 😹","2/12/2025, 18.27.11","5","No","0","No","https://www.tiktok.com/@rrozyyss"
"=""7579136966630949639""","=""7083579869816947714""","mhmddimas99","mhmddimas99","the real di kasih cobaan malah di cobain😂","2/12/2025, 13.02.30","10","No","0","No","https://www.tiktok.com/@mhmddimas99"
"=""7579158360572183314""","=""7574715929553634324""","ivy54480","~•Ivy🍒•~","TERUS BUAT APA GUE NANGISIN ELU!?","2/12/2025, 14.25.32","6","No","0","No","https://www.tiktok.com/@ivy54480"
"=""7587072119474275080""","=""7344376591701263366""","originalveryjellifysh","⋆.ೃ  jellifysh  ࿔*:･","anjr jl karya mobilnya punya sepupuku 😹😹😹🥀","23/12/2025, 22.14.52","0","No","1","No","https://www.tiktok.com/@originalveryjellifysh"
"=""7602076950500229889""","=""6794404985549505538""","kudalautbiru7","14.07🧿","kulkas terbang😭😭","2/2/2026, 08.41.19","3","No","1","No","https://www.tiktok.com/@kudalautbiru7"
"=""7578938941296657168""","=""7522718958904099856""","elpyvrsa06","r4chelppy__","ko ga takut ada biawak nya yak","2/12/2025, 00.13.59","4","No","2","No","https://www.tiktok.com/@elpyvrsa06"
"=""7641989069572637448""","=""6784982813458088961""","sofiindriani4","SofiiIndriani","Lucu banget plis pen balik lagi","20/5/2026, 22.00.42","2","No","0","No","https://www.tiktok.com/@sofiindriani4"
"=""7632594539823563538""","=""7482994379435787272""","adell.dwi.alexa.a","ADELL","di kasih cobaan malah di cobain😭😭","25/4/2026, 14.25.09","2","No","0","No","https://www.tiktok.com/@adell.dwi.alexa.a"
"=""7579597676027593479""","=""7076788564437271579""","callmeernaa_","Erna id shop","pas motore Supra bapak dicoba kaya suara katak pas musim ujan 😭","3/12/2025, 18.50.10","3","No","2","No","https://www.tiktok.com/@callmeernaa_"
"=""7579196218909164295""","=""6582383798511157250""","davidandyleo","Apit.","ni dunia sibut bet akhire tahun nie😭.","2/12/2025, 16.52.27","4","No","1","No","https://www.tiktok.com/@davidandyleo"
"=""7579185805135741703""","=""6943986647365256194""","ibunay_21","Nayuu wee","bener bner hidup harus dnikmati😭😭","2/12/2025, 16.12.01","4","No","1","No","https://www.tiktok.com/@ibunay_21"
"=""7579086955969037074""","=""7046941531483194394""","nandaa.uda","nann.","wisuda tetep terlaksana yaa kak","2/12/2025, 09.48.30","3","No","1","No","https://www.tiktok.com/@nandaa.uda"
"=""7579104921774605072""","=""7510907768129520648""","lia.ara64","Dek Lia💗💋","Seburung😭🤣","2/12/2025, 10.58.12","4","No","1","No","https://www.tiktok.com/@lia.ara64"
"=""7579115982648623890""","=""7504985673293054984""","olinepunymimin","Editor oline `~","udah banjir masih sempet jualan 😭","2/12/2025, 11.41.00","3","No","1","No","https://www.tiktok.com/@olinepunymimin"
"=""7579105218005795602""","=""6958908099647538182""","m.albyzaidan","M. AlbiZaidan","hrusnya kta brsedih ya😭
knpa sya malah ngakak bengek😅","2/12/2025, 10.59.21","3","No","1","No","https://www.tiktok.com/@m.albyzaidan"
"=""7636353069596607240""","=""7132068150820996123""","eko.stiawan09","𝓓𝓐9.𝓔𝓴𝓸𝓼𝓮𝓽𝓲𝓪𝔀𝓪𝓷","tba² bnget jadi kulkas spiderman","5/5/2026, 17.30.11","1","No","0","No","https://www.tiktok.com/@eko.stiawan09"
"=""7579204396065161985""","=""6965742663425950721""","heriterintimidasi","heriterintimidasi","Dah lah wee..gagal dapet sembako😭agak di sedih sedihin sikit napa wee😩","2/12/2025, 17.24.07","4","No","0","No","https://www.tiktok.com/@heriterintimidasi"
"=""7579194727325729556""","=""7293802757676123142""","rappp601","–13Rapzz6z•","buka wa banjir
buka ig banjir
buka tiktok banjir
giliran buka dompet kering","2/12/2025, 16.46.36","4","No","1","No","https://www.tiktok.com/@rappp601"
"=""7579088769944437511""","=""6890429888115229698""","callmefaeee","Vee","semangat 🥹🥺😭😂","2/12/2025, 09.55.38","3","No","1","No","https://www.tiktok.com/@callmefaeee"
"=""7602669459975045906""","=""7595899486699996180""","kz_queen7","K'z M🅰️UDY🫦","buat caption nya menyala queen 🗿","3/2/2026, 23.00.32","3","No","0","No","https://www.tiktok.com/@kz_queen7"
"=""7579174549691843335""","=""6752722594326512641""","limaksanalinna","Limaksana Linna","rakyat nya lucu"", pemerintahnya anjj","2/12/2025, 15.28.22","4","No","0","No","https://www.tiktok.com/@limaksanalinna"
"=""7579057072777741077""","=""6930473740212257793""","eternalmono7","estunasuha","Ya Allah masyarakat selucu ini didzalimi pemerintah😭😭😭","2/12/2025, 07.52.48","75","No","0","No","https://www.tiktok.com/@eternalmono7"
"=""7579049929403056903""","=""7199926971080492033""","landuttt14","Ella🦁","Mau ketawa tapi masih sakit gigi😭","2/12/2025, 07.24.53","8","No","0","No","https://www.tiktok.com/@landuttt14"
"=""7579139449805947656""","=""7031434625771897857""","lsntaaa","lsn🥢","banjir pun menyesal datang ke medan","2/12/2025, 13.12.12","4","No","0","No","https://www.tiktok.com/@lsntaaa"
"=""7579103850280878866""","=""6962836959200068610""","guesss_wh0oo","guesss_wh0oo","MEDANN STOP YAA !! 😭","2/12/2025, 10.53.58","4","No","0","No","https://www.tiktok.com/@guesss_wh0oo"
"=""7579109410699936530""","=""7022545220307338242""","crabiousel","selπ","klo gini perlu di kasianin apa di ketawain ya😭🙏","2/12/2025, 11.15.39","4","No","0","No","https://www.tiktok.com/@crabiousel"
"=""7579118720871039760""","=""6918339717733958657""","indahasy_syura","ig : indahasy_syura","klakson motor udh kayak suara kodok😭
kami sedih , kalian malah bahagia😭","2/12/2025, 11.51.39","4","No","0","No","https://www.tiktok.com/@indahasy_syura"
"=""7579163964073870098""","=""7514710580206601224""","nosmoking694","pesikopat","dikasih cobaan malah di coba in","2/12/2025, 14.47.12","4","No","0","No","https://www.tiktok.com/@nosmoking694"
"=""7579118764638520082""","=""6878850235642381314""","ronioeva","Mama Ayumora 💗","Lucuuuu🤣🤣.. sehat² lah kelen smua ya.. smoga Tuhan beri berkat dan rejeki buat beli barang² baru. Amin 🙏","2/12/2025, 11.51.50","4","No","0","No","https://www.tiktok.com/@ronioeva"
"=""7579098475474174738""","=""7417743501431735302""","panggilajacypaaa","C Y P A A A","mereka sangat menikmati 😭","2/12/2025, 10.33.12","4","No","0","No","https://www.tiktok.com/@panggilajacypaaa"
"=""7579094987612422932""","=""6602645955286286338""","salsa___20","Salsa🫧","""Sampek ke rawa-rawa"" 😭","2/12/2025, 10.19.40","4","No","0","No","https://www.tiktok.com/@salsa___20"
"=""7579166402498806548""","=""6885488639154963458""","diyahhmy","dyhh","baru di indo kena cobaan malah dicobain😭","2/12/2025, 14.56.42","4","No","0","No","https://www.tiktok.com/@diyahhmy"
"=""7579116312741298951""","=""7235724233257878533""","yls_521","Piega aulia putri💃🏼","Plis jgn surut dulu , mereka lucu2😂","2/12/2025, 11.42.24","4","No","0","No","https://www.tiktok.com/@yls_521"
"=""7578933099778654983""","=""7445976875056595975""","malam.tanpa.bulan278","malam tanpa bulan","the real isinya gen Z semua di kasih cobaan kita cobain😭","1/12/2025, 23.51.21","66","No","0","No","https://www.tiktok.com/@malam.tanpa.bulan278"
"=""7579166256155476754""","=""7009300671921439746""","trijanuari3","fitrifitrii751","sejak ada banjir core Medan bapak menteri bilang kalau ini bukan bencana nasional 😂","2/12/2025, 14.56.08","12","No","0","No","https://www.tiktok.com/@trijanuari3"
"=""7579226402006188818""","=""6931734622985307137""","kimchi.jjigae7","ᶜᶦⁿ⁹⁵","maaf pas kulkas terbang ngakak bgt😭
semoga Sumatra kita lekas membaik","2/12/2025, 18.49.34","6","No","0","No","https://www.tiktok.com/@kimchi.jjigae7"
"=""7578929951035835154""","=""6915901352166179841""","callmevebby27","𝗕𝗶𝗶🎀","gw cma tkut ad ular/buaya yg mndarat dstu😭","1/12/2025, 23.39.08","6","No","0","No","https://www.tiktok.com/@callmevebby27"
"=""7579099929931547410""","=""7419888542770250758""","karla_esther6","karla","yg motor please lucu bngttttttttt😭😭😭😂😂😂😂","2/12/2025, 10.38.46","4","No","0","No","https://www.tiktok.com/@karla_esther6"
"=""7579128707554607880""","=""7367172461178323973""","dolly.pxie","ძ᥆ᥣᥣᥡ᥎іᥱᰔᩚ","takut ada biawak nya ih","2/12/2025, 12.30.22","7","No","0","No","https://www.tiktok.com/@dolly.pxie"
"=""7578932180052804360""","=""7011477682391532549""","haafizmaulana","Haafiz","emng medan ga cocok dapat bencana keknya😭","1/12/2025, 23.47.47","27","Yes","0","No","https://www.tiktok.com/@haafizmaulana"
"=""7579084802030420756""","=""7073405710079493121""","ownerneyshopfurniture","Erni Yusnita","Bingung mah nangis apa kejawa","2/12/2025, 09.40.13","10","No","0","No","https://www.tiktok.com/@ownerneyshopfurniture"
"=""7579134362542637842""","=""7143545147342685185""","hayang_by_one","Endvy🦊","""dikasih cobaan kita cobain""","2/12/2025, 12.52.23","4","No","0","No","https://www.tiktok.com/@hayang_by_one"
"=""7579008589076792082""","=""7542693684794409992""","naa_0873","naa","tim penyelamat pun ragu untuk menyelamatkan : sepertinya mereka bahagia","2/12/2025, 04.44.33","40","No","0","No","https://www.tiktok.com/@naa_0873"
"=""7579072232694629136""","=""7399478986420323333""","aisyahazzahra02024","𝓜𝓪𝓼 𝓽𝓻𝓲𝓪𝓷𐙚","nyangka gk lu pada, ya gue mah kagak nyangkaaa kulkas terbang😭","2/12/2025, 08.51.25","4","No","0","No","https://www.tiktok.com/@aisyahazzahra02024"
"=""7579094776147247873""","=""7234509490707760130""","rdwan1081","Wann","kulkas terbang wak","2/12/2025, 10.18.45","4","No","0","No","https://www.tiktok.com/@rdwan1081"
"=""7578944906497098504""","=""7313430063767634950""","callmeanggi3","￴ ￴ ￴ ￴ ￴ ￴ ￴ ￴","anjir suara motor nya ngadat ngakak🤣🤣","2/12/2025, 00.37.09","4","No","0","No","https://www.tiktok.com/@callmeanggi3"
"=""7579142181891392257""","=""7333237266469258246""","maw_mauw","hehe kepencet","orang Medan be like :
"" dikasih cobaan kita cobain, dikasih tantangan kita tantangin ""","2/12/2025, 13.22.52","4","No","0","No","https://www.tiktok.com/@maw_mauw"
"=""7579026996362789649""","=""7154335446566126593""","laliavier_","LIA🥑🦀","paling gong ""kulkas terbang""😭😭😭","2/12/2025, 05.56.06","4","No","0","No","https://www.tiktok.com/@laliavier_"
"=""7579076461677708052""","=""7206443608995841026""","bhawellku05","✮Botol Yakult😚","👩‍🎓:""sampek k rawa rawa"" 😭🤣🤣","2/12/2025, 09.07.52","4","No","0","No","https://www.tiktok.com/@bhawellku05"
"=""7579168122177209106""","=""7562568994739094536""","jun_mine","jstmne | 陈浚铭","definisi dikasih cobaan kita cobain","2/12/2025, 15.03.31","4","No","0","No","https://www.tiktok.com/@jun_mine"
"=""7578976176498033426""","=""7276423415073981445""","dedek.pinus","🐧Fiu✨","sampai kerawa rawa😭","2/12/2025, 02.38.36","4","No","0","No","https://www.tiktok.com/@dedek.pinus"
"=""7579017614162297607""","=""7286095844931208198""","earthtwins212","ᴠᴇɴᴜꜱ 🪐♉","MEDAN LAGI MEDAN LAGI 😭","2/12/2025, 05.19.36","4","No","0","No","https://www.tiktok.com/@earthtwins212"
"=""7579164210194596615""","=""7114943836481258498""","salmazure","🎀🌷✨","kebiasaan indonesia 🤣","2/12/2025, 14.48.08","4","No","0","No","https://www.tiktok.com/@salmazure"
"=""7579067613976855303""","=""7114529176485331969""","ayyygril8","Rªª","ihh mantan kandung ku di sanaa😭","2/12/2025, 08.33.28","4","No","0","No","https://www.tiktok.com/@ayyygril8"
"=""7579092545414808327""","=""6783147807281955842""","riasetyah","Ria Setya H","gong banget yang wisudaa samaa jualan baksoo 😭😭😭","2/12/2025, 10.10.07","4","No","0","No","https://www.tiktok.com/@riasetyah"
"=""7579050731179098897""","=""6902697821306307585""","agapsaa","ccockiess","shock bgt yg kulkas jirr","2/12/2025, 07.28.08","4","No","0","No","https://www.tiktok.com/@agapsaa"
"=""7578962627251274504""","=""7118552221294019610""","zen21105","zen","lebih kasian ama banjirnya 😌","2/12/2025, 01.45.58","4","No","0","No","https://www.tiktok.com/@zen21105"
"=""7578947875453190932""","=""7412323139957539841""","petrus.sinurat_","Yooo ♐","serius dikit lah Klian bujang biar masuk bantuan itu😭","2/12/2025, 00.48.49","22","No","0","No","https://www.tiktok.com/@petrus.sinurat_"
"=""7579063530873176850""","=""6532888043137105922""","momyesha_","momyesha_","Definisi dikasi cobaan malah di cobain","2/12/2025, 08.17.42","4","No","0","No","https://www.tiktok.com/@momyesha_"
"=""7579118216892531457""","=""7114526849833468929""","inialiyaahh","helloaliyah","itu yang ngebakso pasti ngebatin ""banjir banjir enaknya makan bakso deh"" 😭😭😭","2/12/2025, 11.49.45","6","No","0","No","https://www.tiktok.com/@inialiyaahh"
"=""7579095685905040145""","=""7534883144824177684""","guncanayo04","★R12KY★","motor nya lgi batuk tak berdahak","2/12/2025, 10.22.26","8","No","0","No","https://www.tiktok.com/@guncanayo04"
"=""7579077859734586120""","=""7543887648471434256""","allaboutme649","QUEEN","Medan dikasih cobaan dicobain wkwk ngadi2😂","2/12/2025, 09.13.06","8","No","0","No","https://www.tiktok.com/@allaboutme649"
"=""7579021199620490001""","=""7200010187838080002""","burunghantu884","rIskaaaaa♥️","yg kulkasnya terbang dia bingung mau bersih2 rumah atau pindah rumah 😂","2/12/2025, 05.33.25","13","No","0","No","https://www.tiktok.com/@burunghantu884"
"=""7579089571977184007""","=""7010910459215250459""","bcshn1","bcshnxlinglung","kulkas terbangg😭","2/12/2025, 09.58.40","3","No","0","No","https://www.tiktok.com/@bcshn1"
"=""7579055470586135314""","=""7512434516212843527""","nirwanardha","nirwanardha","pantes gak ada PRAY FOR MEDAN 😭😭😭","2/12/2025, 07.46.23","3","No","0","No","https://www.tiktok.com/@nirwanardha"
"=""7579182370520613639""","=""7089043564839502875""","faaaaaazy","RugisFazy-","warga selucu ini malah di zolimi pmerintah 😭","2/12/2025, 16.01.42","3","No","0","No","https://www.tiktok.com/@faaaaaazy"
"=""7579093116386345736""","=""111457126740291584""","anak_idaman4","cepu","buat kuah baksonya pake air apa bang😂","2/12/2025, 10.12.19","3","No","0","No","https://www.tiktok.com/@anak_idaman4"
"=""7578940488246690567""","=""7414346409635841030""","chanifa002","Chanifa002","KULKAS TERBANG 😭","2/12/2025, 00.20.02","4","No","0","No","https://www.tiktok.com/@chanifa002"
"=""7579149142640231176""","=""6530130833478107137""","tariialeea","lea","percayalah mereka ini sedang menghibur diri sendiri🤣","2/12/2025, 13.49.44","3","No","0","No","https://www.tiktok.com/@tariialeea"
"=""7579095457985757960""","=""7045241398852994075""","yovitaanggradewii","yovita_","suara motornyaa, PECAHHH BGT KETAWAAA GUA😭😭😭😭😭😭😭","2/12/2025, 10.21.23","3","No","0","No","https://www.tiktok.com/@yovitaanggradewii"
"=""7579097071286780692""","=""7190645208865047553""","bunda.gamila","Nori | Dailylife Rumah Subsidi","Pen ketawa tapi aku sedih tapi ini lucu 😭😭","2/12/2025, 10.27.38","3","No","0","No","https://www.tiktok.com/@bunda.gamila"
"=""7578932100595794689""","=""7036727527998538757""","juliantislsbla","BundaElbarra","ngakak pas mtrnya di hidupin🤣","1/12/2025, 23.47.34","4","No","0","No","https://www.tiktok.com/@juliantislsbla"
"=""7579129729068860167""","=""7437784904634663943""","mey_la79","meyy","dikasih cobaan malah dicobain😭😭","2/12/2025, 12.34.20","3","No","0","No","https://www.tiktok.com/@mey_la79"
"=""7579130649106187015""","=""6669141588231749634""","mhdsryaaa","S!","sampe k rawa rawa🤣😭","2/12/2025, 12.37.55","3","No","0","No","https://www.tiktok.com/@mhdsryaaa"
"=""7579142053163041556""","=""6851165862792725505""","nong.ol","nong.ol","Definisi dikasih cobaan , dicobain ☺️🙏","2/12/2025, 13.22.15","4","No","0","No","https://www.tiktok.com/@nong.ol"
"=""7579075019893555986""","=""7174389983326454785""","imeldajuhrawi","imeldajuhrawi","kasian nya pemilik toko sembako habis d jarah","2/12/2025, 09.02.09","4","No","0","No","https://www.tiktok.com/@imeldajuhrawi"
"=""7578940500318503700""","=""6882149382311248897""","zaaararaara","ra","PLSSS LAHHH ANJIR DIKASI COBAAN MALAH DICOBAIN😭😭😭","2/12/2025, 00.20.07","5","No","0","No","https://www.tiktok.com/@zaaararaara"
"=""7579111559235486482""","=""143619697840705536""","nurlailiatikah","Tikah","Kulkas terbang😭😭😭😭","2/12/2025, 11.23.54","3","No","0","No","https://www.tiktok.com/@nurlailiatikah"
"=""7579099501363036948""","=""6950225161710781445""","neng_ika20","@neng_Ika🍓","Sampek ke rawa""😩😩","2/12/2025, 10.37.16","4","No","0","No","https://www.tiktok.com/@neng_ika20"
"=""7579031434683450119""","=""7569938114274575367""","pinn1759","pinn","yg ngidupin motor😭😭","2/12/2025, 06.13.11","9","No","0","No","https://www.tiktok.com/@pinn1759"
"=""7579024955539473170""","=""7276477242414711814""","thisisdin4","thisisdin","indonesia tuh ya kesusahan gmn pun tetep aja menyikapinya santaii , gmn ga jd negara paling bahagia😭😌","2/12/2025, 05.48.00","4","No","0","No","https://www.tiktok.com/@thisisdin4"
"=""7579135151280980744""","=""7351577697196409862""","legendary09.u.m","MIUMAY","yang trakhir wenak rek,abis makan langsung cuci di tempat😁","2/12/2025, 12.55.26","7","No","0","No","https://www.tiktok.com/@legendary09.u.m"
"=""7579135154427265808""","=""7550869634003682311""","liasyg_0","𝐋𝐈𝐀  ||  𝐏𝐄¹⁶","dikasih cobaan malah dicobain 😌","2/12/2025, 12.55.37","4","No","0","No","https://www.tiktok.com/@liasyg_0"
"=""7620140781480067858""","=""7615987871208162312""","kay02_87","??","dikasih cobaan malah dicobain🤣","23/3/2026, 01.01.17","1","No","0","No","https://www.tiktok.com/@kay02_87"
"=""7617020587970020113""","=""7566269139154764816""","y_knownn","s.. 🍒","harus gtu kami bg biar gk sedih kali ya kan wee😭😭","14/3/2026, 15.10.29","1","No","0","No","https://www.tiktok.com/@y_knownn"
"=""7618825690360021781""","=""7367763602910299142""","gooby_ayla7","||🌻✨ Dandy✨ 🌻||","kek di kolam renang besar besaran 💔","19/3/2026, 11.55.05","1","No","0","No","https://www.tiktok.com/@gooby_ayla7"
"=""7599711683640328978""","=""7463281286075335681""","rafazzkey8","siboo kuliner","""mau kasian tapi mereka bahagia"" 🤭😭😭😭","26/1/2026, 23.42.48","2","No","0","No","https://www.tiktok.com/@rafazzkey8"
"=""7578972965208818439""","=""7353387535664169990""","calicovee","Neva","""sudah sampai ke rawa rawa""","2/12/2025, 02.26.11","3","No","0","No","https://www.tiktok.com/@calicovee"
"=""7578955804720825095""","=""6726947847557612546""","winduddd_","W","pecah bgt yg kulkas terbang😭","2/12/2025, 01.19.27","3","No","0","No","https://www.tiktok.com/@winduddd_"
"=""7579044974689780487""","=""7347158562244297734""","ayynh1","Nh","heren deh ini banjir loh pada bisa ketawa semua kayak yg seneng gitu 😭🤣","2/12/2025, 07.05.51","2","No","0","No","https://www.tiktok.com/@ayynh1"
"=""7595418982682182416""","=""7085982161798693914""","juliatitumangger","HayTumangger🔥","yg pertama ngakak🤣😂","15/1/2026, 10.05.16","1","No","0","No","https://www.tiktok.com/@juliatitumangger"
"=""7578957095783334674""","=""6978275637350941698""","bunibibi","Buni","seriusan dikit lah kelen.... nanti ga dapat bansos😭😭😭","2/12/2025, 01.24.34","3","No","0","No","https://www.tiktok.com/@bunibibi"
"=""7578920159831327505""","=""7461431277029458960""","_perintis16","Ծscαг","serius dikit napa warga Konoha 🗿","1/12/2025, 23.01.07","6","No","0","No","https://www.tiktok.com/@_perintis16"
"=""7579099688914912016""","=""6559760422700974082""","yyyppp79","yyaaaa","capeee😭😭","2/12/2025, 10.37.53","3","No","0","No","https://www.tiktok.com/@yyyppp79"
"=""7579019993183896338""","=""7093004699234599963""","nalla_027","Matcha..","sungkan bgt mau ketawa.. tpi maap ya aku ngakak😭","2/12/2025, 05.28.53","7","No","0","No","https://www.tiktok.com/@nalla_027"
"=""7578924364633588488""","=""7546566331706901521""","naval_969","𝙉𝙖𝙫𝙖𝙡 𝙓 𝘼𝙈⚡","ngakak bgt anj🗿🗿😭😭","1/12/2025, 23.17.25","3","No","0","No","https://www.tiktok.com/@naval_969"
"=""7579018496504578836""","=""7405935116391023633""","kinand49","kinand","ada coba'an kita coba'in
gitu x yah konsepnya 😭","2/12/2025, 05.23.03","12","No","0","No","https://www.tiktok.com/@kinand49"
"=""7579031437643678472""","=""7042043963021263873""","hfdzmhndr25","Hafidz MR","kerenn warga Medan masih bisa menghibur kami walaupun sedang dalam bencana alam yang tidak diakui oleh pemerintah","2/12/2025, 06.13.07","3","No","0","No","https://www.tiktok.com/@hfdzmhndr25"
"=""7578925788851618567""","=""7368326718971659269""","apanyak_3","apipi_💘🗣️🌀🫀","ini baru namanya ""di kasih cobaan malah di cobain"" 😭","1/12/2025, 23.22.58","3","No","0","No","https://www.tiktok.com/@apanyak_3"
"=""7579209453179224850""","=""7469330336338953232""","_dralovers","li3lyn_n🅰️","walaupun banjir medan tetap lah medan😃😭🗿","2/12/2025, 17.47.00","5","No","0","No","https://www.tiktok.com/@_dralovers"
"=""7579065278232511253""","=""6684107916323406849""","finyut","finaa","Pas nyalain klakson motor please bunyinya kya katak blentung😩🤣","2/12/2025, 08.24.30","4","No","0","No","https://www.tiktok.com/@finyut"
"=""7579213625019286280""","=""7058946806474802177""","hena.jungkook5","hena jungkook","soalnya banjir medan bersih gak ada kayu2 gitu loh jadi gak yg serem2 amet","2/12/2025, 17.59.59","11","No","0","No","https://www.tiktok.com/@hena.jungkook5"
"=""7579097503976669968""","=""6793494863507194886""","user337110490","✯","mereka tidur nya kyk gmn ya?
trs kalo ada yg mau berak gmn?
charger hp nya dmn?
makannya kyk gmn yaa?
BANYAK BANGET YANG HARUS KU TANYAKANNN 😭😭","2/12/2025, 10.29.30","15","No","0","No","https://www.tiktok.com/@user337110490"
"=""7639780814457357063""","=""7543136842435249170""","arsyi_630","🎀ARSYI LA ROMESA FARZANA 🎀","nomor enam depan rumah ku woy","14/5/2026, 23.11.34","0","No","0","No","https://www.tiktok.com/@arsyi_630"
"=""7639363935774212871""","=""7412206397029450758""","gue_sigma","sigma boy","kereta kuda macam ngerap klakson","13/5/2026, 20.13.50","0","No","0","No","https://www.tiktok.com/@gue_sigma"
"=""7639198393931744008""","=""7595500254398940180""","rika.alya","Rika Alya","aduh sunge sunge","13/5/2026, 09.31.34","0","No","0","No","https://www.tiktok.com/@rika.alya"
"=""7638603012805772050""","=""7623427980870599697""","said_45671","said_medan123🇮🇩","aku warga Medan tapi santai aja","11/5/2026, 19.01.03","0","No","0","No","https://www.tiktok.com/@said_45671"
"=""7640690244753359636""","=""7025023906998846466""","ptapsbg","pau🗿","Dikasih cobaan malah di cobain","17/5/2026, 10.00.51","0","No","0","No","https://www.tiktok.com/@ptapsbg"
"=""7634834331789853461""","=""7546587107953034256""","xhyperx_rollex","{☆Toge☆}","kocak kali yg pertama","1/5/2026, 15.16.48","0","No","0","No","https://www.tiktok.com/@xhyperx_rollex"
"=""7632565052433138450""","=""7402598377893938177""","imselfishman_","yes i'am","banjir airnya campur sepiteng sam wc kan","25/4/2026, 12.30.48","0","No","0","No","https://www.tiktok.com/@imselfishman_"
"=""7614717577348858631""","=""7584745351534380039""","zhikri.fadilla","zhikri fadilah 𓆩😘𓆪","salfok sama yg pertama","8/3/2026, 10.13.32","0","No","0","No","https://www.tiktok.com/@zhikri.fadilla"
"=""7608410512536142599""","=""7600737535819875349""","mikayla.jihan92","Mikayla.j.f","gua salfok sama kelakuan bukan banjirnya😁😅","19/2/2026, 10.18.54","0","No","0","No","https://www.tiktok.com/@mikayla.jihan92"
"=""7599015727928410896""","=""6794616124342813698""","capp4dociaa","MandaMandi","paling gong “kulkas terbang” 😂🙏🏻","25/1/2026, 02.42.12","0","No","0","No","https://www.tiktok.com/@capp4dociaa"
"=""7598215669049819925""","=""6958778262264988677""","dewichairani88","Utie dewi","yg akhir paling epik 😂","22/1/2026, 22.57.32","0","No","0","No","https://www.tiktok.com/@dewichairani88"
"=""7578935235367764743""","=""7494598425028314130""","inisafinaaa","safinaaasp","kulkas nyaa lagi nyantai itu buuk","1/12/2025, 23.59.37","5","No","0","No","https://www.tiktok.com/@inisafinaaa"
"=""7579232246172238610""","=""7450436633398526992""","aileeah.04","೯⠀⁺ ⠀ 𖥻 棉花 ⠀ᰋ","rakyat selucu ini dikacangin pemerintah 😭","2/12/2025, 19.12.09","10","No","0","No","https://www.tiktok.com/@aileeah.04"
"=""7578943505746608903""","=""7332295548119352326""","scorp2ce","XXcX","inilah alasan mengapa Indonesia jadi negara dengan kesejahteraan sosial plg tinggi😭","2/12/2025, 00.31.42","18","No","0","No","https://www.tiktok.com/@scorp2ce"
"=""7609598384152396560""","=""7146870082182300674""","starfow.id","KINGSHOP👑","BACKKK","22/2/2026, 15.08.20","0","No","0","No","https://www.tiktok.com/@starfow.id"
"=""7579014592305005330""","=""6628069440674922498""","anothermeymeyy","Meymeyy","indonesia ga ada serius nya anjir😭😭😭 isinya pelawak semua😭","2/12/2025, 05.07.53","9","No","0","No","https://www.tiktok.com/@anothermeymeyy"
"=""7578935069260301072""","=""7544229213647504402""","shalsaabilaaah","cacaaaa🎀","ketawa banget pas kulkas terbang😭","1/12/2025, 23.58.57","8","No","0","No","https://www.tiktok.com/@shalsaabilaaah"
"=""7591341384092418837""","=""7506829613445055495""","sh.pick","S&H Daily","kaya gini dipermasalahkan medan kota nyalain kembang api. pdhl medan pun parah juga banjirnya dan ga ada koar² kali minta bantuan karna mikirin di sibolga lebih parah","4/1/2026, 10.21.55","1","No","0","No","https://www.tiktok.com/@sh.pick"
"=""7579090180614112020""","=""7006461259463181314""","achqeelaaa0","kilaa","Banjir: ga ada harga diri nya aku di buat wong medan ini bah","2/12/2025, 10.01.00","5","No","0","No","https://www.tiktok.com/@achqeelaaa0"
"=""7578931296018793224""","=""7519516338840224776""","mhanali07","Mhan Ali","orang Medan menghibur diri, tapi dalam hati mereka sedih epek banjir, semoga cepat membaik disana aamiin 🤲","1/12/2025, 23.44.20","69","No","0","No","https://www.tiktok.com/@mhanali07"
"=""7579138456350622472""","=""7075182885531206683""","awwaluna27","🦭✿ 𐙚 Mrs . du9on9 𓍯 🌈","pemerintah pun bingung harus selametin medan ato selametin banjir nya 😭
#canda kak semoga lekas surutt","2/12/2025, 13.08.17","6","No","0","No","https://www.tiktok.com/@awwaluna27"
"=""7620684740752999169""","=""7384000902825739269""","kin44vv_","NS`~","sjduwmahdis😳😳eudud","24/3/2026, 12.09.16","0","No","0","No","https://www.tiktok.com/@kin44vv_"
"=""7579063925242250002""","=""7351780918359000069""","bnzo.d","☕︎","yang ngerantau pada khawatir, mereka disana malah menikmati 😭","2/12/2025, 08.19.12","4","No","0","No","https://www.tiktok.com/@bnzo.d"
"=""7579026506195829522""","=""6965303200874562561""","rarapgncntk","Aisyahnrazhr","di kasih cobaan malah di cobain😭","2/12/2025, 05.54.10","13","No","0","No","https://www.tiktok.com/@rarapgncntk"
"=""7579106685651632913""","=""6991787200199263234""","efrianpanjaitan1","𝙍𝙞𝙖𝙣 乂 𝙈𝙤𝙭𝘼𝙡𝙡","biarpun badai hujan petir, bisnis bakso ku akan tetap ku jalankan","2/12/2025, 11.05.00","4","No","0","No","https://www.tiktok.com/@efrianpanjaitan1"
"=""7600657382871565057""","=""7423036807410271238""","skyway530","#SKY💜!","yg pertama 😂😂😂😂😂","29/1/2026, 12.52.53","0","No","0","No","https://www.tiktok.com/@skyway530"
"=""7578930388838630152""","=""7265940961984283654""","jumratulauliya","Auliyaa","gaenak banget ketawa sariawan 3 ini sakit bangeettt😭😭😭😭😭","1/12/2025, 23.40.50","13","No","0","No","https://www.tiktok.com/@jumratulauliya"
"=""7578917911387456264""","=""7420064017576821765""","cac4aw.3","S🧚🏻‍♀️","kalau banjir biasa anak"" yg maen,tp kalo banjir gitu orang tua nya gantian 😭","1/12/2025, 22.52.27","23","No","0","No","https://www.tiktok.com/@cac4aw.3"
"=""7579072483337175816""","=""7346462180982178821""","zizee_101","Anggia .・✫・゜・。.","gua mau ketawa juga takut 🙏 😭 semoga lekas membaik Medan","2/12/2025, 08.52.13","6","No","0","No","https://www.tiktok.com/@zizee_101"
"=""7579110403730277140""","=""6991469537657029633""","anggitajuga","anggita","ngakak bgt klakson motornya wee😭","2/12/2025, 11.19.29","8","No","0","No","https://www.tiktok.com/@anggitajuga"
"=""7579093203883279125""","=""7105929927225312257""","mmmy7_1","ulazm","medan ini memang ga cocok di kasi cobaan di cobain😭😭😭","2/12/2025, 10.12.43","11","No","0","No","https://www.tiktok.com/@mmmy7_1"
"=""7578946793577644820""","=""7090457366160753690""","pandalucu248","🕊️  Kertasputih🐨","Saat kakak nya bilang yg paling gong kulkas terbang 😂😂 maaf seketika langsung besar ketawak ku lihat nya 😁","2/12/2025, 00.44.32","5","No","0","No","https://www.tiktok.com/@pandalucu248"
"=""7579112313807143681""","=""7307610177036649478""","lalysaribyy082","AKUN TIDAK DITEMUKAN","mau kasian TPI lucu semua😭 sangat menikmati","2/12/2025, 11.26.48","9","No","0","No","https://www.tiktok.com/@lalysaribyy082"
"=""7578933058708718356""","=""7013929260465669122""","nurul.amllsyptry","nurul.💐","""sampai ke rawa²""plis ngakak bngat😭","1/12/2025, 23.51.14","4","No","0","No","https://www.tiktok.com/@nurul.amllsyptry"
"=""7578976917027980050""","=""6531461585378459649""","dieanvio","Abcdefghijklmnopqrstuvwxyz","pecah ""kulkas kami terbang""🤣","2/12/2025, 02.41.35","2","No","0","No","https://www.tiktok.com/@dieanvio"
"=""7579133783052649224""","=""7274586894029325318""","eljiremetanfanuan","Monkey D. El👒","cuma Indonesia kalo dikasih cobaan dicobain😭","2/12/2025, 12.50.09","16","Yes","0","No","https://www.tiktok.com/@eljiremetanfanuan"
"=""7579169763050636033""","=""7021961389099222043""","ygini.miaa","Miaaaja","Expect ga kalian,banjir masih sempet makan baksooo???😭","2/12/2025, 15.09.43","5","No","0","No","https://www.tiktok.com/@ygini.miaa"
"=""7579029049873138450""","=""7292745806845887493""","salsabilaazzh24","@salsabila","mereka hanya menghibur diri,semangat yang disana🥰","2/12/2025, 06.04.02","7","No","0","No","https://www.tiktok.com/@salsabilaazzh24"
"=""7578951100792423176""","=""6780943021359842305""","kiyaaholic","cloudsi, kiyaa'vqt exs","kok bisa ya dulu gw pgn ngerasain banjir biar bisa main air😭","2/12/2025, 01.01.15","4","No","0","No","https://www.tiktok.com/@kiyaaholic"
"=""7579129409710818056""","=""7543493455097922565""","avcdocheesy_13","🕊️","Definisi di kasi cobaan kita cobain gak sih","2/12/2025, 12.33.09","3","No","0","No","https://www.tiktok.com/@avcdocheesy_13"
"=""7578933121203454740""","=""6878611250118919170""","mmmmgjls","iaaa","yg lebih gong kulkas terbang sihh😭😭","1/12/2025, 23.51.25","2","No","0","No","https://www.tiktok.com/@mmmmgjls"
"=""7579126666291839760""","=""6812534571461755906""","betawia07","apaajages","masuk Corona
wisuda banjir😭","2/12/2025, 12.22.30","6","No","0","No","https://www.tiktok.com/@betawia07"
"=""7579161697241776903""","=""7091584565055685634""","tiaaa11211","tii","dikasih cobaan malah dicobain😭😭","2/12/2025, 14.38.29","4","No","0","No","https://www.tiktok.com/@tiaaa11211"
"=""7578898594309866247""","=""7524364701326656530""","mochi_channha","★𝓜𝓸𝓬𝓱𝓲_𝓒𝓱𝓪𝓷;)★","seperti lagu ""dikasih cobaan kita cobain"" itulah medan","1/12/2025, 21.37.25","6","No","0","No","https://www.tiktok.com/@mochi_channha"
"=""7579159038984209170""","=""6537655247925411842""","ullii324","yuli","baru kali ini lihat kulkas terbang 😫😫🤣","2/12/2025, 14.28.09","6","No","0","No","https://www.tiktok.com/@ullii324"
"=""7578893430421963538""","=""7283779026501403653""","konten_random0001","DEZIPIK","takut bet kalo ada biawaknya","1/12/2025, 21.17.25","6","No","0","No","https://www.tiktok.com/@konten_random0001"
"=""7579082930774016788""","=""7049706285470762010""","popeyyeeeeeee","Maharani Eka Fahrisa","itu yang jual bakso pake air banjir kah?😭🙏","2/12/2025, 09.32.49","4","No","0","No","https://www.tiktok.com/@popeyyeeeeeee"
"=""7579121451609948949""","=""6624734088664776706""","yulia_ikasari","Yulia ika sari","seperti biasa +62 diberi cobaan ya di cobain","2/12/2025, 12.02.14","12","No","0","No","https://www.tiktok.com/@yulia_ikasari"
"=""7579163049677505281""","=""6810323659811718145""","rinimarin90","Marini","Indonesia emang seceria ini padahal lagi kena musibah","2/12/2025, 14.43.44","13","No","0","No","https://www.tiktok.com/@rinimarin90"
"=""7578920887799595797""","=""7531648147073369105""","cilaicikiwirrr","cilaicikiwirrr","ini negara apaan sih sbnrnya😭","1/12/2025, 23.04.01","9","No","0","No","https://www.tiktok.com/@cilaicikiwirrr"
"=""7579046164671005448""","=""7451977043586450433""","kfhanz0","GATOTKACA","di kasih cobaan di cobain
di kasih ujian di kerjain emang negara unik🗿","2/12/2025, 07.10.15","5","No","0","No","https://www.tiktok.com/@kfhanz0"
"=""7578970932829668114""","=""6724316092862923777""","millkuatttt01","nalaaa🎀","keluarga aku belum ada kabar sampe skrg😔","2/12/2025, 02.18.18","5","No","0","No","https://www.tiktok.com/@millkuatttt01"
"=""7579003644915745554""","=""6596515064098078722""","viabantenya01","Vibe","Kalau ngak kaya gini mungkin mereka udah pada nangis 😭 semogah banjirnya cepat surut kak","2/12/2025, 04.25.32","4","No","0","No","https://www.tiktok.com/@viabantenya01"
"=""7579075439076049681""","=""6855563868535751682""","berliann71","lin","di kasi cobaan nangis ❌
Di kasi cobaan ketawa ✅
😭😭😭","2/12/2025, 09.03.47","7","No","0","No","https://www.tiktok.com/@berliann71"
"=""7578978394898088711""","=""7372890306612495366""","k4m4se4n","Kamasean1256","""pernah liat kulkas terbang?, nah ini dia kulkas kami terbang"" 😭😭😭","2/12/2025, 02.47.11","9","No","0","No","https://www.tiktok.com/@k4m4se4n"
"=""7579100091996406546""","=""7426449960013300741""","xzfyaa6","xzfyaa","dan di medan semua rakyat menjadi sama rataa gdaa yang kayaa","2/12/2025, 10.39.31","3","No","0","No","https://www.tiktok.com/@xzfyaa6"
"=""7579200032092947207""","=""7231048682808280070""","den_agstn_11","D.","definisi dikasi tantangan kita tantangin,di kasi coba an kita cobain🗿","2/12/2025, 17.07.12","7","No","0","No","https://www.tiktok.com/@den_agstn_11"
"=""7579074278558270225""","=""6973584671637537794""","cyqueenixx","𝒸𝓎𝓆𝓊𝑒𝑒𝓃𝒾𝓍𝓍🕊️","ih seneng banget lihat mereka bahagia gitu😍","2/12/2025, 08.59.14","11","No","0","No","https://www.tiktok.com/@cyqueenixx"
"=""7579190138837369607""","=""6784050207388206082""","anndfyy","andd","dikasih cobaan malah dicobain😭","2/12/2025, 16.28.49","6","No","0","No","https://www.tiktok.com/@anndfyy"
"=""7579045354777543432""","=""6549455095053762562""","eurekaaa___","Eureka_","dikasih cobaan malah dicobain😭","2/12/2025, 07.07.20","4","No","0","No","https://www.tiktok.com/@eurekaaa___"
"=""7599967881820472072""","=""7595587443261457416""","nal_aja59","°🫧•𖨆٭ 𝑵𝑨𝑳꙳🌷","kota ku😭😭","27/1/2026, 16.17.03","0","No","0","No","https://www.tiktok.com/@nal_aja59"
"=""7593271254897279764""","=""7525883139794846728""","suriani.tanjung37","{💐💐💐}={🌷🌷🌷}","oh Mak wkkk","9/1/2026, 15.10.52","0","No","0","No","https://www.tiktok.com/@suriani.tanjung37"
"=""7604354390946956050""","=""7588487769049498631""","pesona.motor.vari68","Fawwaz_aja","trus cwe yang lagi menstruasi/haid
giaman?","8/2/2026, 11.59.00","0","No","0","No","https://www.tiktok.com/@pesona.motor.vari68"
"=""7579046382893843220""","=""7066267470155498523""","xoxozll","veronica","orang medan lucu lucu banget yakkk😭😍 wkwkwk semoga banjirnya cepet surut yaa aamiin🤗","2/12/2025, 07.11.21","27","No","0","No","https://www.tiktok.com/@xoxozll"
"=""7578944724044677909""","=""7026322405127701530""","virzieeef","chikaaav","ketawa gua pecah bgt pas klakson motor 😭😭😭😭😭","2/12/2025, 00.36.27","3","No","0","No","https://www.tiktok.com/@virzieeef"
"=""7579138321160389397""","=""7557599316305019924""","kylieeeee_144","neb gapake j","the rill dikasih cobaan malah dicobain😭😭","2/12/2025, 13.07.47","8","No","0","No","https://www.tiktok.com/@kylieeeee_144"
"=""7579164905954493192""","=""6523062706182291457""","larastiwd","LarasWulanDini","mau ketawa apa sedih jd bingung😭😭😭","2/12/2025, 14.50.49","4","No","0","No","https://www.tiktok.com/@larastiwd"
"=""7579056602918421256""","=""7523482258196759570""","santi2202060","susanti","yaelah pantes g ada yg bilang
""play for Medan""","2/12/2025, 07.50.43","7","No","0","No","https://www.tiktok.com/@santi2202060"
"=""7579066338296267541""","=""7368429285385700357""","ucie.singlemom","Uci Rahmadani ❤️‍🔥","aku harus sedih atau happy sih klu gini ceritanya 🤦🤦🤦","2/12/2025, 08.28.29","7","No","0","No","https://www.tiktok.com/@ucie.singlemom"
"=""7578931658260644616""","=""7123591751608468507""","meyyice","mey","mendadak punya kolam renang pribadi di rumah masing""","1/12/2025, 23.45.49","5","No","0","No","https://www.tiktok.com/@meyyice"
"=""7579021588311343892""","=""7034003540894254081""","rendang_padanggg","Rendang Padang","medan dikasih cobaan malah di parodiin 😭🤣🤣","2/12/2025, 05.35.11","3","No","0","No","https://www.tiktok.com/@rendang_padanggg"
"=""7579145038203110152""","=""6702691296249463810""","thisisoctv","Sugarcombs","yg wisuda😭","2/12/2025, 13.33.46","3","No","0","No","https://www.tiktok.com/@thisisoctv"
"=""7578936621136937729""","=""7476116524912411664""","muhammad.ibnu.hab4","Muhammad Ibnu Habib","di kasi cobaan kita cobain
di kasi tantangan kita tantangin","2/12/2025, 00.05.06","19","No","0","No","https://www.tiktok.com/@muhammad.ibnu.hab4"
"=""7579062401338376968""","=""7506906940476343304""","nvivi.lsyna","のヴぃぅしやな🎀","dikasih cobaan kita cobain, dikasih tantangan kita tantanginn😭😭","2/12/2025, 08.13.17","3","No","0","No","https://www.tiktok.com/@nvivi.lsyna"
"=""7579055724828803847""","=""7159923075285664769""",".croisant3",".WDiaaaaa","Liat video candaan mereka pasti dibalik ini mereka lg sedih dan kebingungan bgt, aku ngeliatnya aja sedih sakit bgt, semoga semua korban kebanjiran Allah gantikan rejeki yg melimpah ruah deras seperti banjir ini Aamiin Allahuma Aamiin 🤲🏻🥺","2/12/2025, 07.47.22","3","No","0","No","https://www.tiktok.com/@.croisant3"
"=""7587797537110835989""","=""7535094456974951445""","hartati9514","⋆˚🐾˖°","siapa yang tau kak modiner vidio yang ke tiga suaranya mirip kak modiner","25/12/2025, 21.09.55","0","No","0","No","https://www.tiktok.com/@hartati9514"
"=""7579228979758416656""","=""7445872816165487634""","ora.weruh08","em😒","menteri kehutanan aceh 100% yang bertanggung jawab sepenuhnya harus itu ganti rugi😌
bukan hanya menteri tapi pejabat setempat nya yang merusak alam,dalam penebangan hutan masal","2/12/2025, 18.59.43","4","No","0","No","https://www.tiktok.com/@ora.weruh08"
"=""7579020401779540743""","=""7280068632939119621""","liwiora.telzeg","liwiora♥️","yg penting warga Medan jangan menjarah ya, plisss...🙏🏻bahagia dan sehat selalu warga Medan, btw Aq dan suami sama anak, kemarin stay di Medan 6 bulan disana dalam rangka pengobatan, 3 Minggu yg lalu balik kampung, puji Tuhan udah balik ke Nias dgn sehat, amin 🥰🙏🏻","2/12/2025, 05.30.16","14","No","0","No","https://www.tiktok.com/@liwiora.telzeg"
"=""7579025696803701521""","=""7315582820843242501""","cacalium","caca 🦋","Ga espekk kulkas terbang 😂","2/12/2025, 05.50.54","19","No","0","No","https://www.tiktok.com/@cacalium"
"=""7642302809597248273""","=""7336749396891829254""","rayvan.aja","RA¥ ""","[Stiker] ","21/5/2026, 18.18.10","0","No","0","No","https://www.tiktok.com/@rayvan.aja"
"=""7602158317800145672""","=""7450614583993959430""","zeevanka.azalea.s","Zeevanka Azalea shaqueena","😊","2/2/2026, 13.59.27","0","No","0","No","https://www.tiktok.com/@zeevanka.azalea.s"
"=""7579208301398016786""","=""7563164853318616082""","se_lene.19","selene","the real""dikasi cobaan kita cobain""😭😭","2/12/2025, 17.39.19","14","No","0","No","https://www.tiktok.com/@se_lene.19"
"=""7578929339383759623""","=""6873451252564395009""","__h.k__17","𝙃","kulkasnya oi😩","1/12/2025, 23.36.42","5","No","0","No","https://www.tiktok.com/@__h.k__17"
"=""7578929734621365009""","=""7572601004711363605""","japaismartin1","<kinar akun baru>","yang klakson motor ngakak Anjirr 😭😭","1/12/2025, 23.38.14","27","No","0","No","https://www.tiktok.com/@japaismartin1"
"=""7579053026906243848""","=""7298353595610989575""","moodbibble","User0099240929","abis banjir bali core, terbitlaj banjir medan core😭","2/12/2025, 07.36.54","15","No","0","No","https://www.tiktok.com/@moodbibble"
"=""7579126991299986177""","=""7464380452078699521""","ann68573","IG : annqyra","That ga epsek kulkasnya😭","2/12/2025, 12.23.42","7","No","0","No","https://www.tiktok.com/@ann68573"
"=""7579100509296214802""","=""6939060842382640130""","julian466888","saudaramuu_","seruuuu, tapi gapengen ikutan banjirnya😭🤣","2/12/2025, 10.41.04","22","No","0","No","https://www.tiktok.com/@julian466888"
"=""7579167454711694088""","=""7111734798715978778""","panggilannyaanis","Storyoftukangjajan 🥰🍲🍛🍜","Dikasih cobaan malah dicobain 😭😭","2/12/2025, 15.00.48","11","No","0","No","https://www.tiktok.com/@panggilannyaanis"
"=""7579035903923684103""","=""7412667755553735685""","hlmtszhr4","zara","INDONESIA SE SERU INI, HARUS ADA DPR ANJ😓😭😭","2/12/2025, 06.30.38","3","No","0","No","https://www.tiktok.com/@hlmtszhr4"
"=""7579124087696409360""","=""7225975706386269211""","putriiii_066","putriiiiii_","org medan be like “ya sudah laa ada jalanan kita jalanin wee “","2/12/2025, 12.12.26","10","No","0","No","https://www.tiktok.com/@putriiii_066"
"=""7579014226544214792""","=""6834782207249646593""","cquruel","tigan","banjir td pun ga ada harga dirinya","2/12/2025, 05.06.26","5","No","0","No","https://www.tiktok.com/@cquruel"
"=""7579112589256491783""","=""6896629442924332038""","phiwiee","GURL💅","kang bakso:""apapun yg terjadi kelen tetap harus makan bakso""","2/12/2025, 11.27.55","6","No","0","No","https://www.tiktok.com/@phiwiee"
"=""7579045333573927698""","=""7208975627034575874""","adprianto_","Adprianto","banjir gaada harga dirinya di Medan 😂","2/12/2025, 07.07.02","7","No","0","No","https://www.tiktok.com/@adprianto_"
"=""7579226286141326100""","=""7479737797924029461""","nii6276","⋆˙✮𝙛𝙖𝙣𝙞𝙞✮⋆˙","ke nya cuma di medan yng kalo bnjer bukanya waspada tpi mala ""e nengo banjer yok"", the real dikasi cobaan kita cobain 😭😭😭","2/12/2025, 18.49.02","12","Yes","0","No","https://www.tiktok.com/@nii6276"
"=""7578910427673871112""","=""7196285122423833601""","takdir6780","Takdir🫲😎🫱","bagaimana kabarnya dengan auladi sama filiz","1/12/2025, 22.23.20","4","No","0","No","https://www.tiktok.com/@takdir6780"
"=""7579060487162479380""","=""6920988205035996162""","yesitrk_","Y E S I T R I","aslinya mereka itu menghibur diri aja si, selebihnya was-was takut gtu😣","2/12/2025, 08.05.50","8","No","0","No","https://www.tiktok.com/@yesitrk_"
"=""7579096798390338325""","=""7504707446750970888""","chiimmmiii","chimi🧸ྀི","mereka tuh begitu biar menghibur di sela-sela bencana banjir 😭😭 lucu tapi kasian, sehat-sehat lah kalian 😭😭","2/12/2025, 10.26.42","36","No","0","No","https://www.tiktok.com/@chiimmmiii"
"=""7578959106607088392""","=""7448109243233911813""","shrly769","S💕","banjir core😭","2/12/2025, 01.32.19","6","No","0","No","https://www.tiktok.com/@shrly769"
"=""7579206629566202642""","=""6908671646640079874""","baeeaccu","Nadienn💕","Guee penasaran kalo pengen berak gimana 😭😭","2/12/2025, 17.32.51","6","No","0","No","https://www.tiktok.com/@baeeaccu"
"=""7578937607506346759""","=""6668927870998282241""","lisuy_30","◦•●◉✿𝓪𝓵𝓲𝓼𝓼✿◉●•◦","Enjoy banget gua liat liat 😭😭😭","2/12/2025, 00.08.49","5","No","0","No","https://www.tiktok.com/@lisuy_30"
"=""7579017778050204437""","=""7307897765539316738""","micikosoda","Miciko Soda 🧸","Melawan kekuatan alam banget 😒","2/12/2025, 05.20.17","12","No","0","No","https://www.tiktok.com/@micikosoda"
"=""7578959867281687316""","=""7323929573388944389""","m1syouuu_","wang lujie","loh klo banjir setinggi itu
gen alpha pada di kemanain ya","2/12/2025, 01.35.17","6","No","0","No","https://www.tiktok.com/@m1syouuu_"
"=""7579052163014099720""","=""7084173949818782722""","oktfyna2","🐣","bisa""nya masih jualan bakso pas banjir 🤣","2/12/2025, 07.33.36","7","No","0","No","https://www.tiktok.com/@oktfyna2"
"=""7579227442855265040""","=""7483388230597362706""","umh_aku_malas",",","""dikasih cobaan kita cobaiin""","2/12/2025, 18.53.36","8","No","0","No","https://www.tiktok.com/@umh_aku_malas"
"=""7578910111352357639""","=""7093806491694679067""","pila29346","pggil_ilaa sja👾","ngakak bgtt pas liat ""kulkass terbanggg""😭","1/12/2025, 22.22.08","4","No","0","No","https://www.tiktok.com/@pila29346"
"=""7579086466131706632""","=""6741385032043463682""","sndnlndk","ꜱ ɪ ɴ ᴅ ɪ ɪ ɪ","Menikmati cobaan","2/12/2025, 09.46.28","4","No","0","No","https://www.tiktok.com/@sndnlndk"
"=""7578966765944275719""","=""6796699358266016769""","stnadhilahh","@stnadhilahhh","Musibahnya udh meresahkan bgt sempet²nya buat core Indonesia bener² deh 😭😭","2/12/2025, 02.01.58","3","No","0","No","https://www.tiktok.com/@stnadhilahh"
"=""7579086013482582802""","=""7250706576049603590""","__.ra01","__.ra01","Maaf ya Allah aku sedih sebenarnya tp aku ngakak jg😭","2/12/2025, 09.44.45","4","No","0","No","https://www.tiktok.com/@__.ra01"
"=""7578964460976849665""","=""7414961868508972037""","r_re369","udahbahagialagi♥️","g jadi sedih lah aku kau buat...","2/12/2025, 01.53.11","4","No","0","No","https://www.tiktok.com/@r_re369"
"=""7579051760552067847""","=""7400397544880227333""","vyness7","Vyness💫💦","fiks sih habis ini banjir trauma ke medan😂😂😂","2/12/2025, 07.31.55","3","No","0","No","https://www.tiktok.com/@vyness7"
"=""7578947153714217735""","=""7258507389577036806""","mizihasibuann","mizihasibuan","di ulang"" stater motor supra tetep ngakak anying emng medan ni agak beda","2/12/2025, 00.46.00","4","No","0","No","https://www.tiktok.com/@mizihasibuann"
"=""7579054730296656648""","=""6929959550384849922""","unnyy_siregar","Niii🥝🇲🇾🇲🇨","🌊 : gada memang harga di awak kalo datang ke Medan ini😭","2/12/2025, 07.43.41","4","No","0","No","https://www.tiktok.com/@unnyy_siregar"
"=""7579162986993025799""","=""7468918230545269765""","sintarahma574","🦋","Banjir” masih bisa mkn bakso 😭","2/12/2025, 14.43.26","164","Yes","4","No","https://www.tiktok.com/@sintarahma574"
"=""7619645222385189633""","=""7565009465298682896""","etta.yogi","you💐","aku trauma pas di ruma aku yg dulu aku ada main air sama kakak yg ke 2 trus kan itu banjir nya udh surut dikit pas main aku kayak ada injak sesuatu kayak ulet gitu makayak aku langsung masuk jadinya aku trauma karna aku geli😭😭geli bgtt sumpah😭😭😭😭","21/3/2026, 16.55.16","1","No","0","No","https://www.tiktok.com/@etta.yogi"
"=""7642592179525632786""","=""6999452027689288706""","kafie105387seikarang","2KD INNOVA✈︎🏎️🚀","makan sambel berenang yakan weee","22/5/2026, 13.01.09","0","No","0","No","https://www.tiktok.com/@kafie105387seikarang"
"=""7640752053665465106""","=""7452748628597113861""","jenniferveronica80","Hikari Nozomi 1728","kulkas terbang anjir😳😭","17/5/2026, 14.05.59","0","No","0","No","https://www.tiktok.com/@jenniferveronica80"
"=""7628430279310607125""","=""7494533886937596946""","zafirakhairunnisa09","Yang baca plenger🤭🤭😝😝","Medan mah gak tau apa itu bencana alam😭😭","14/4/2026, 09.05.57","0","No","0","No","https://www.tiktok.com/@zafirakhairunnisa09"
"=""7622952845608567572""","=""7464245046406972417""","ainunlalala4","marshatiktok🤫🤫","gua takut nya kalo ada buaya coy😭😭","30/3/2026, 14.50.32","0","No","0","No","https://www.tiktok.com/@ainunlalala4"
"=""7622939623791215367""","=""7571129073998529556""","author_azelea","liaana_muzz","cung yg tinggal dimedann","30/3/2026, 13.59.14","0","No","0","No","https://www.tiktok.com/@author_azelea"
"=""7619283312012280584""","=""6517453632253706251""","sya_18.20","it's bluee?","kulkas terbang 😭","20/3/2026, 17.30.50","0","No","0","No","https://www.tiktok.com/@sya_18.20"
"=""7616568883986481937""","=""6745931509822391301""","yourlee3004","yurli","gmn ceritanya kulkas terbang😅","13/3/2026, 09.57.28","0","No","0","No","https://www.tiktok.com/@yourlee3004"
"=""7604736205133890321""","=""7408061552064857089""","xavier.nick0","XAVIEREDIT❎","","9/2/2026, 12.40.56","0","No","0","No","https://www.tiktok.com/@xavier.nick0"
"=""7579088773670994705""","=""7320866022050366470""","ccchaeunwo","user9837363825425;","@مايا @iyaaa,aku haikal! @★ @naylalubis real jdi medan coree😭😭😭😭😭😭","2/12/2025, 09.55.44","3","No","2","No","https://www.tiktok.com/@ccchaeunwo"
"=""7643323949475988245""","=""7454107975503807495""","kustini908","Kustini","😁","24/5/2026, 12.20.51","0","No","0","No","https://www.tiktok.com/@kustini908"
"=""7579040112736011015""","=""6896825497020711938""","surliamarlita","SurliaDwk04","@mldhii✨ @Retna Nursita @Areyouok","2/12/2025, 06.46.52","3","No","0","No","https://www.tiktok.com/@surliamarlita"
"=""7642999774078452500""","=""6965460076920947713""","halimahtu.sadiyah","Halimahtu sadiyah","🥰","23/5/2026, 15.22.54","0","No","0","No","https://www.tiktok.com/@halimahtu.sadiyah"
"=""7642668794909999893""","=""7474491060120552465""","cukcuk058","cukcuk","😂😂😂","22/5/2026, 17.58.35","0","No","0","No","https://www.tiktok.com/@cukcuk058"
"=""7642271178641425172""","=""7526539998418846727""","bebyyy0113","bebyimoett","@박자린 ngakak😭😭😭","21/5/2026, 16.15.37","0","No","0","No","https://www.tiktok.com/@bebyyy0113"
"=""7641986040941003538""","=""7231484352810402818""","siria2166","siria","😂","20/5/2026, 21.48.55","0","No","0","No","https://www.tiktok.com/@siria2166"
"=""7640351317861827344""","=""6972900324286039041""","citraaditya80","citraaditya80","🗿","16/5/2026, 12.05.34","0","No","0","No","https://www.tiktok.com/@citraaditya80"
"=""7639934099629753096""","=""7593667826184684565""","alifa.alfa.atiya5","wkwkwkwk🫪","kaya kenal yang baru pulang wisuda @D E A K nah bener kan","15/5/2026, 09.06.30","0","No","0","No","https://www.tiktok.com/@alifa.alfa.atiya5"
"=""7636697492147356424""","=""7536766729423700999""","amel.hasanah6","Amel Hasanah","😁","6/5/2026, 15.46.45","0","No","0","No","https://www.tiktok.com/@amel.hasanah6"
"=""7635577348982293255""","=""7559083437907493909""","engkoktakendik","⋆. 𐙚 ˚👾i_like_p🫦⋆. 𐙚 ˚","😭😭😭","3/5/2026, 15.20.01","0","No","0","No","https://www.tiktok.com/@engkoktakendik"
"=""7628914395419001620""","=""7545293974208463880""","nuryanti174","Nuryanti98","😂😂😂","15/4/2026, 16.24.26","0","No","0","No","https://www.tiktok.com/@nuryanti174"
"=""7628611487263802128""","=""7588668345352881168""","alifff_223","al","😁","14/4/2026, 20.49.04","0","No","0","No","https://www.tiktok.com/@alifff_223"
"=""7628611518657970945""","=""7588668345352881168""","alifff_223","al","😂","14/4/2026, 20.49.06","0","No","0","No","https://www.tiktok.com/@alifff_223"
"=""7628611519777850113""","=""7588668345352881168""","alifff_223","al","🥰","14/4/2026, 20.49.06","0","No","0","No","https://www.tiktok.com/@alifff_223"
"=""7628611526383485712""","=""7588668345352881168""","alifff_223","al","🥰","14/4/2026, 20.49.09","0","No","0","No","https://www.tiktok.com/@alifff_223"
"=""7628611511221682961""","=""7588668345352881168""","alifff_223","al","😂","14/4/2026, 20.49.07","0","No","0","No","https://www.tiktok.com/@alifff_223"
"=""7628611472860644113""","=""7588668345352881168""","alifff_223","al","🥰","14/4/2026, 20.48.59","0","No","0","No","https://www.tiktok.com/@alifff_223"
"=""7628611453076423440""","=""7588668345352881168""","alifff_223","al","🥰","14/4/2026, 20.49.01","0","No","0","No","https://www.tiktok.com/@alifff_223"
"=""7628611490564735745""","=""7588668345352881168""","alifff_223","al","😁","14/4/2026, 20.49.00","0","No","0","No","https://www.tiktok.com/@alifff_223"
"=""7628611523707454224""","=""7588668345352881168""","alifff_223","al","😂","14/4/2026, 20.49.05","0","No","0","No","https://www.tiktok.com/@alifff_223"
"=""7628611524168762129""","=""7588668345352881168""","alifff_223","al","🥰","14/4/2026, 20.49.04","0","No","0","No","https://www.tiktok.com/@alifff_223"
"=""7628611476840661776""","=""7588668345352881168""","alifff_223","al","😁","14/4/2026, 20.48.59","0","No","0","No","https://www.tiktok.com/@alifff_223"
"=""7628611459212542721""","=""7588668345352881168""","alifff_223","al","😁","14/4/2026, 20.48.57","0","No","0","No","https://www.tiktok.com/@alifff_223"
"=""7628611454607295233""","=""7588668345352881168""","alifff_223","al","😂","14/4/2026, 20.48.57","0","No","0","No","https://www.tiktok.com/@alifff_223"
"=""7628611451431781136""","=""7588668345352881168""","alifff_223","al","😁","14/4/2026, 20.48.56","0","No","0","No","https://www.tiktok.com/@alifff_223"
"=""7628611455257428737""","=""7588668345352881168""","alifff_223","al","🥰","14/4/2026, 20.48.56","0","No","0","No","https://www.tiktok.com/@alifff_223"
"=""7628611491092824848""","=""7588668345352881168""","alifff_223","al","😂","14/4/2026, 20.48.58","0","No","0","No","https://www.tiktok.com/@alifff_223"
"=""7628611418191594256""","=""7588668345352881168""","alifff_223","al","😂","14/4/2026, 20.48.42","0","No","0","No","https://www.tiktok.com/@alifff_223"
"=""7628611402630595329""","=""7588668345352881168""","alifff_223","al","😁","14/4/2026, 20.48.38","0","No","0","No","https://www.tiktok.com/@alifff_223"
"=""7628611390559896336""","=""7588668345352881168""","alifff_223","al","🥰","14/4/2026, 20.48.37","0","No","0","No","https://www.tiktok.com/@alifff_223"
"=""7626695702043575061""","=""7624502120260371457""","bafari33","Bafari3","😁","9/4/2026, 16.54.44","0","No","0","No","https://www.tiktok.com/@bafari33"
"=""7626641737163735815""","=""7422858401871758341""","elvira.nopiasrifa","Elvira Nopiasrifa16","😂😂😂","9/4/2026, 13.25.21","0","No","0","No","https://www.tiktok.com/@elvira.nopiasrifa"
"=""7625657561099027217""","=""7591753805038781441""","nufus3581","Nuf🌷🌷","😁","6/4/2026, 21.46.09","0","No","0","No","https://www.tiktok.com/@nufus3581"
"=""7623025861345100564""","=""7341461739516806146""","buletcamera","reaktor nuklear 4 Chernobyl","😂😂😂","30/3/2026, 19.33.56","0","No","0","No","https://www.tiktok.com/@buletcamera"
"=""7622930881481949973""","=""7178856786110759963""","bananachoco_5","Diani mart15","😁😁😁","30/3/2026, 13.25.25","0","No","0","No","https://www.tiktok.com/@bananachoco_5"
"=""7622137973358756616""","=""6551926664597798913""","husnajm3","husna Raudhatul","😳😳😳","28/3/2026, 10.08.27","0","No","0","No","https://www.tiktok.com/@husnajm3"
"=""7621571090188632849""","=""7481524582434243639""","adadehhh808","sals🅰️","—.","26/3/2026, 21.28.33","0","No","0","No","https://www.tiktok.com/@adadehhh808"
"=""7620239498244522772""","=""7512036357821940754""","zma_387","Riki celok🔴","😁😁😁","23/3/2026, 07.21.25","0","No","0","No","https://www.tiktok.com/@zma_387"
"=""7619536556475466504""","=""7560104185291981832""","zaunairah_2016","💧🌸Naira🌸💧","😂😂😂","21/3/2026, 09.53.42","0","No","0","No","https://www.tiktok.com/@zaunairah_2016"
"=""7617675622768476946""","=""7335103737876464648""","ageyaga_","sinurrr","@ayaaa45__","16/3/2026, 09.32.11","0","No","0","No","https://www.tiktok.com/@ageyaga_"
"=""7613308569840681745""","=""7551643216941007890""","faiza.fans.akbar.f","M🤍V","😂😂😂","4/3/2026, 15.05.44","0","No","0","No","https://www.tiktok.com/@faiza.fans.akbar.f"
"=""7610697483635737365""","=""6986913738000090113""","valoitha","Vasthe","😂😂😂","25/2/2026, 14.13.34","0","No","0","No","https://www.tiktok.com/@valoitha"
"=""7609644751931441927""","=""7569200657817158663""","maikelgollu","MKL_25 🚬☠️","😭😂","22/2/2026, 18.08.14","0","No","0","No","https://www.tiktok.com/@maikelgollu"
"=""7609368832968278792""","=""7523961703940391952""","you.and.me6977","you and me","@","22/2/2026, 00.17.31","0","No","0","No","https://www.tiktok.com/@you.and.me6977"
"=""7608589622680306439""","=""7562485252734010389""","janeta936","JANET GENG BOCIL ALPA🗿","😂😂😂","19/2/2026, 21.53.49","0","No","0","No","https://www.tiktok.com/@janeta936"
"=""7607662578088985365""","=""7485763599698723858""","joyretry","aniq","🤣🤣🤣🤣🤣","17/2/2026, 09.56.28","0","No","0","No","https://www.tiktok.com/@joyretry"
"=""7607507424631554834""","=""7458991951284798472""","beybikiw","b","😁😁😁","16/2/2026, 23.54.19","0","No","0","No","https://www.tiktok.com/@beybikiw"
"=""7606557711715058453""","=""7555927172235330580""","fly61360","mii 👾","🥺","14/2/2026, 10.29.02","0","No","0","No","https://www.tiktok.com/@fly61360"
"=""7604096999981646609""","=""7435606675169788929""","ratu.givana.jovira","Ratu Givana Jovira","❤","7/2/2026, 19.20.05","0","No","0","No","https://www.tiktok.com/@ratu.givana.jovira"
"=""7602987684097409810""","=""7446016831758337029""","nuriskiselapani","Nuriski selafani","😂😂😂","4/2/2026, 19.35.22","0","No","0","No","https://www.tiktok.com/@nuriskiselapani"
"=""7602850961426203408""","=""6968884977027482626""","uchieangela6","uchieangela1983","@Mr Clean_Medan","4/2/2026, 10.45.00","0","No","0","No","https://www.tiktok.com/@uchieangela6"
"=""7602568576846824210""","=""6564458544492658689""","linda_darpa","Linda Darpa","😂😂","3/2/2026, 16.29.03","0","No","0","No","https://www.tiktok.com/@linda_darpa"
"=""7600720548226532116""","=""6942777826270594049""","dzuliastutidewi","Dzuli Astuti Dewi","😂😂😂","29/1/2026, 16.57.52","0","No","0","No","https://www.tiktok.com/@dzuliastutidewi"
"=""7600342723547775751""","=""7292749028424303618""","rini23147","Rini","🥰🥰🥰","28/1/2026, 16.31.38","0","No","0","No","https://www.tiktok.com/@rini23147"
"=""7600342753474659090""","=""7292749028424303618""","rini23147","Rini","😂😂😂","28/1/2026, 16.31.45","0","No","0","No","https://www.tiktok.com/@rini23147"
"=""7599521768705032968""","=""6841435193728123906""","lalacantik763","𝐤𝐢𝐭𝐭𝐲_𝐋𝐚𝐥𝐚 𝐫𝐨𝐫 ⚡💤","😁😁😁","26/1/2026, 11.25.53","0","No","0","No","https://www.tiktok.com/@lalacantik763"
"=""7599124258715042580""","=""7025535357669360666""","andiratricantika","Antin Sumarni","🥰","25/1/2026, 09.43.25","0","No","0","No","https://www.tiktok.com/@andiratricantika"
"=""7599089868522947336""","=""7549773791766217735""","ananda.wijaya.45","PLN KAMBOJA🇰🇭","💯💯💯","25/1/2026, 07.30.07","0","No","0","No","https://www.tiktok.com/@ananda.wijaya.45"
"=""7594127345638146832""","=""77198062866""","kepoyaloe","🌞","😁","11/1/2026, 22.33.00","0","No","0","No","https://www.tiktok.com/@kepoyaloe"
"=""7578886391141532436""","=""7478829559065429013""","mi_ayam_enak_tau0","iqbaaall🪐","sehat tanpa obat pontang panting tanpa doping dikasih cobaan kita cobain dikasih bencana kita becandain🗿","1/12/2025, 20.50.04","4","No","4","No","https://www.tiktok.com/@mi_ayam_enak_tau0"
"=""7579115814726599442""","=""6909062265263358977""","aurelliiiee","rell","@kze @୭ৎ @jip @zizz stecu 😭😭😭","2/12/2025, 11.40.27","5","No","0","No","https://www.tiktok.com/@aurelliiiee"
"=""7579068010960192276""","=""7513848859619427335""","sekar_k20","🐣","Banjir di Medan GK ada harga dirinya banget😂","2/12/2025, 08.35.05","5","No","0","No","https://www.tiktok.com/@sekar_k20"
"=""7579019263026184978""","=""7505402236752430081""","libragurls___________","pienaa","angkatan corona ❌
angkatan banjir✅","2/12/2025, 05.25.53","5","No","0","No","https://www.tiktok.com/@libragurls___________"
"=""7578932341188559634""","=""7329172993304380422""","ly05_2","ly_05🐬","menyalaa kuinnn 😭😭","1/12/2025, 23.48.22","5","No","0","No","https://www.tiktok.com/@ly05_2"
"=""7583223481095275282""","=""7456074025341584391""","moots__2368","⚡beatmenn💫","mau di kasih bencana apapun
tetep pada heppy😭","13/12/2025, 13.20.18","4","No","0","No","https://www.tiktok.com/@moots__2368"
"=""7578932419781968658""","=""7402553939256312837""","floowerr30","ꕥ 𓍯 dessྀ ☃︎ ☋","banjir trauma berat di medan😭
pray for banjir🥰","1/12/2025, 23.48.44","4","No","0","No","https://www.tiktok.com/@floowerr30"
"=""7579096502226027265""","=""7088413816186962945""","napasayangg8","💮 giswii ( 吉斯维 )🇨🇳 🇲🇨","sempat²nya ngebakso 😭😭😭 , orang dimn² kalo banjir ngungsi dia malah makn bakso 😭😭😭","2/12/2025, 10.25.33","3","No","0","No","https://www.tiktok.com/@napasayangg8"
"=""7604041229483885333""","=""7507322142674486328""","akukaya250","Akukaya","cuma di medan banjir ga punya harganya😂😂😂😂😂😂😂","7/2/2026, 15.43.49","0","No","0","No","https://www.tiktok.com/@akukaya250"
"=""7597814663057195794""","=""7497461092516561927""","n1554_21","nissシ 💫","renang di jalan","21/1/2026, 21.01.29","0","No","0","No","https://www.tiktok.com/@n1554_21"
"=""7597407061819310849""","=""7502752656378725383""","wangling256","gojo hollow purple","kulakas terbang","20/1/2026, 18.39.44","0","No","0","No","https://www.tiktok.com/@wangling256"